Tract Code,Tract Population,Tract Minority %,Number of Families,Number Households,Non Hispanic White Pop,tract_minority_pop,american_indian_pop,asian_islander_pop,black_population,hisplanic_population,mixed_population,state,county
1028.00,1529,97.25,386,491,42,1487,0,36,1398,53,0,36,047
1034.00,4029,92.11,1079,1678,318,3711,299,0,2400,966,46,36,047
1058.01,6403,73.95,1613,3308,1668,4735,18,2,3410,1244,61,36,047
1058.04,6416,75.98,1902,3000,1541,4875,57,357,3063,1329,69,36,047
1070.00,1141,99.39,348,464,7,1134,7,85,745,289,8,36,047
1078.00,3988,97.47,1043,1746,101,3887,0,0,3318,372,197,36,047
1098.00,2160,96.06,414,601,85,2075,18,42,1736,242,37,36,047
1104.00,4948,98.44,1066,1603,77,4871,0,0,3788,1064,19,36,047
1106.00,4438,100.00,1230,1620,0,4438,0,0,3336,1024,78,36,047
1110.00,3400,99.74,962,1478,9,3391,0,0,2345,807,239,36,047
1116.00,3739,96.58,697,1036,128,3611,0,0,2763,840,8,36,047
1118.00,2986,98.66,621,979,40,2946,0,0,2543,403,0,36,047
1120.00,3221,97.67,805,1103,75,3146,0,0,2250,896,0,36,047
1122.00,3755,94.43,950,1117,209,3546,34,78,2641,793,0,36,047
1124.00,3399,99.91,790,1139,3,3396,0,0,2807,520,69,36,047
1126.00,3826,96.16,961,1280,147,3679,0,44,2580,1055,0,36,047
1128.00,3829,94.28,945,1394,219,3610,0,70,3045,466,29,36,047
1130.00,4386,100.00,918,1394,0,4386,0,0,3598,788,0,36,047
1132.00,1917,100.00,489,650,0,1917,15,10,1685,179,28,36,047
1134.00,3107,99.32,618,884,21,3086,0,15,1906,1150,15,36,047
1142.01,1748,94.45,421,560,97,1651,0,87,350,1117,97,36,047
1142.02,2656,98.68,607,904,35,2621,0,26,1032,1514,49,36,047
1144.00,2587,98.92,574,772,28,2559,0,6,1547,969,37,36,047
1146.00,3119,99.07,737,969,29,3090,19,44,832,2118,77,36,047
1150.00,2776,99.39,542,908,17,2759,33,98,1301,1172,155,36,047
1152.00,3213,99.13,746,1000,28,3185,0,149,1980,886,170,36,047
1156.00,4154,99.66,1075,1574,14,4140,32,57,2636,1406,9,36,047
1158.00,2938,98.54,704,901,43,2895,0,0,1922,881,92,36,047
1160.00,2139,100.00,539,869,0,2139,0,22,1405,685,27,36,047
1162.00,2073,99.81,466,735,4,2069,0,19,1782,268,0,36,047
1164.00,3104,98.90,674,894,34,3070,0,60,1784,1185,41,36,047
1166.00,2865,97.45,691,881,73,2792,0,19,1696,950,127,36,047
1168.00,1579,97.21,342,564,44,1535,0,70,660,805,0,36,047
1170.00,1606,96.01,377,504,64,1542,0,50,462,964,66,36,047
1172.01,2536,97.56,634,757,62,2474,0,130,434,1843,67,36,047
1172.02,3121,96.19,808,1089,119,3002,0,91,1009,1846,56,36,047
1174.00,4268,97.54,900,1091,105,4163,0,533,561,3029,40,36,047
1176.01,3037,95.19,672,833,146,2891,0,84,578,2229,0,36,047
1176.02,2800,96.86,580,947,88,2712,0,39,458,2091,124,36,047
1178.00,1665,97.84,389,494,36,1629,0,250,446,849,84,36,047
1180.00,0,0.00,0,0,0,0,0,0,0,0,0,36,047
1182.01,3054,93.88,672,883,187,2867,0,135,455,2243,34,36,047
1182.02,2765,93.63,689,882,176,2589,0,106,347,2113,23,36,047
1184.00,5428,93.85,1114,1412,334,5094,0,670,603,3543,278,36,047
1186.00,2790,94.30,623,740,159,2631,25,248,764,1453,141,36,047
1188.00,4519,96.68,884,1259,150,4369,0,466,2685,1144,74,36,047
1190.00,2611,99.43,607,700,15,2596,0,119,911,1387,179,36,047
1192.00,3231,97.12,682,1014,93,3138,0,218,1583,1252,85,36,047
1194.00,3626,100.00,814,1102,0,3626,0,52,2484,1083,7,36,047
1196.00,4864,99.42,1206,1738,28,4836,27,782,2800,1098,129,36,047
1198.00,3538,97.12,744,1055,102,3436,16,61,1240,2089,30,36,047
1200.00,2230,94.71,397,606,118,2112,0,398,1063,632,19,36,047
1202.00,2057,93.29,440,522,138,1919,11,391,771,664,82,36,047
1208.00,8566,98.65,1922,3087,116,8450,0,173,7244,975,58,36,047
1210.00,4258,98.71,1003,1526,55,4203,10,0,2056,2086,51,36,047
1214.00,4465,99.53,1194,1601,21,4444,0,0,2866,1546,32,36,047
1220.00,5573,100.00,1337,2110,0,5573,0,66,4113,1233,161,36,047
1237.00,6522,16.36,1080,1314,5455,1067,0,77,216,714,60,36,047
1502.00,2946,35.34,722,1061,1905,1041,11,254,71,591,114,36,047
1522.00,3755,62.64,798,1078,1403,2352,10,736,735,579,292,36,047
9901.00,0,0.00,0,0,0,0,0,0,0,0,0,36,047
0194.00,6861,95.06,1425,2486,339,6522,0,168,2308,3860,186,36,061
0195.00,7608,34.38,1663,3332,4992,2616,0,936,126,1387,167,36,061
0196.00,4327,90.34,697,1576,418,3909,0,226,1264,2118,301,36,061
0197.01,939,54.21,153,432,430,509,0,258,61,178,12,36,061
0197.02,2127,67.18,337,961,698,1429,0,178,723,494,34,36,061
0198.00,2513,85.79,499,1175,357,2156,8,155,1624,369,0,36,061
0199.00,9722,36.37,1276,3330,6186,3536,9,1541,598,1046,342,36,061
0200.00,3176,76.98,635,1340,731,2445,0,110,1635,541,159,36,061
0201.01,1807,45.66,131,286,982,825,43,266,255,198,63,36,061
0201.02,4290,76.90,932,1799,991,3299,0,143,2090,957,109,36,061
0203.00,3142,45.19,141,388,1722,1420,35,564,384,294,143,36,061
0205.00,5069,31.76,636,1152,3459,1610,0,750,387,393,80,36,061
0206.00,2949,88.23,512,1364,347,2602,0,106,1856,559,81,36,061
0207.01,3392,47.76,389,1312,1772,1620,0,841,148,519,112,36,061
0208.00,5320,78.21,1098,2077,1159,4161,0,383,2834,634,310,36,061
0209.01,4064,96.51,958,1545,142,3922,0,128,2032,1669,93,36,061
0210.00,7084,95.31,1676,3067,332,6752,0,105,4494,1945,208,36,061
0211.00,10211,64.86,1826,4112,3588,6623,0,2704,1692,1856,371,36,061
0212.00,4412,92.91,700,2492,313,4099,0,195,2787,1050,67,36,061
0213.03,6087,89.26,1042,2188,654,5433,0,144,3496,1703,90,36,061
0214.00,3007,94.45,440,1892,167,2840,5,30,2458,242,105,36,061
0215.00,3756,85.81,769,1329,533,3223,0,82,2306,793,42,36,061
0216.00,8413,75.57,1454,3343,2055,6358,0,299,4638,1221,200,36,061
0217.03,8,0.00,4,4,8,0,0,0,0,0,0,36,061
0218.00,7569,81.04,1367,2782,1435,6134,0,232,4479,1274,149,36,061
0219.00,6401,96.13,1377,2019,248,6153,0,125,2308,3620,100,36,061
0220.00,5379,85.41,1105,2484,785,4594,0,278,3218,900,198,36,061
0221.02,2351,77.92,471,1162,519,1832,0,164,1379,125,164,36,061
0222.00,3089,72.45,551,1277,851,2238,5,94,1636,473,30,36,061
0223.01,7967,87.32,1402,2380,1010,6957,0,289,746,5791,131,36,061
0223.02,3432,87.53,615,1562,428,3004,0,178,842,1946,38,36,061
0224.00,7962,93.82,1885,2742,492,7470,27,94,4726,2525,98,36,061
0225.00,10269,86.58,1930,3467,1378,8891,31,308,2244,6012,296,36,061
0226.00,4235,89.73,894,1795,435,3800,21,100,2897,739,43,36,061
0227.00,5319,81.63,898,2187,977,4342,0,227,2310,1630,175,36,061
0228.00,5814,87.67,1204,2459,717,5097,42,151,3704,752,448,36,061
0229.00,8598,85.26,1663,2894,1267,7331,0,253,2341,4504,233,36,061
0230.00,9259,91.91,1531,3553,749,8510,0,178,5558,2571,203,36,061
0231.00,6890,78.85,1053,2649,1457,5433,0,137,1758,3295,243,36,061
0232.00,8370,96.76,1715,3190,271,8099,49,186,5012,2778,74,36,061
0233.00,6808,83.08,1279,2556,1152,5656,0,245,2023,3079,309,36,061
0234.00,5225,91.52,910,2218,443,4782,52,35,3117,1419,159,36,061
0235.01,6647,89.81,1125,2505,677,5970,0,231,2478,2870,391,36,061
0235.02,1840,86.96,342,781,240,1600,0,0,1248,303,49,36,061
0236.00,7004,99.11,1653,2968,62,6942,20,49,5332,1378,163,36,061
0237.00,7450,88.09,1328,2615,887,6563,24,234,2265,3805,235,36,061
0238.01,9403,58.22,2141,3948,3929,5474,0,2544,1172,1358,400,36,061
0238.02,2380,51.68,285,674,1150,1230,0,355,472,366,37,36,061
0239.00,2810,92.35,556,1049,215,2595,0,36,1081,1381,97,36,061
0240.00,1688,80.75,0,0,325,1363,7,57,861,399,39,36,061
0241.00,7911,89.18,1451,3147,856,7055,0,219,2268,4490,78,36,061
0242.00,3972,95.39,865,1471,183,3789,5,175,1934,1645,30,36,061
0243.01,3926,86.07,683,1374,547,3379,0,123,1522,1680,54,36,061
0243.02,7239,99.23,1811,2486,56,7183,37,0,3924,3133,89,36,061
0245.00,16231,94.63,3067,4825,871,15360,0,241,1197,13429,493,36,061
0247.00,7960,84.64,1436,2444,1223,6737,0,221,625,5770,121,36,061
0249.00,1324,95.09,229,381,65,1259,0,31,225,973,30,36,061
0251.00,2629,89.39,445,724,279,2350,0,72,376,1895,7,36,061
0253.00,12189,84.90,2119,3840,1840,10349,0,374,590,9376,9,36,061
0255.00,5420,70.98,846,2051,1573,3847,39,971,220,2493,124,36,061
0257.00,4446,73.91,1013,1720,1160,3286,0,386,1967,809,124,36,061
0259.00,4155,83.47,833,1665,687,3468,30,107,1885,1296,150,36,061
0261.00,13496,97.41,2641,3686,349,13147,0,148,754,12042,203,36,061
0263.00,9715,92.73,1715,2881,706,9009,0,100,490,8232,187,36,061
0265.00,8056,73.11,1503,2775,2166,5890,0,191,552,4932,215,36,061
0267.00,2342,50.21,411,571,1166,1176,21,50,54,1051,0,36,061
0269.00,8651,93.25,1689,2568,584,8067,0,133,285,7556,93,36,061
0271.00,9704,73.15,2064,3040,2606,7098,0,200,275,6499,124,36,061
0273.00,6935,40.84,1577,3219,4103,2832,0,307,414,1910,201,36,061
0275.00,3712,43.97,903,1602,2080,1632,0,278,165,1045,144,36,061
0277.00,7558,90.00,1107,2168,756,6802,17,94,771,5910,10,36,061
0279.00,11069,84.64,2212,3924,1700,9369,0,294,405,8579,91,36,061
0281.00,3190,25.92,773,1354,2363,827,0,115,160,437,115,36,061
0283.00,7720,81.58,1632,3140,1422,6298,0,363,601,5254,80,36,061
0285.00,7778,91.68,1565,2708,647,7131,17,159,401,6465,89,36,061
0287.00,4135,69.60,730,1604,1257,2878,0,102,107,2572,97,36,061
0291.00,12337,97.19,2662,3930,347,11990,0,165,409,11351,65,36,061
0293.00,9381,94.00,2006,2899,563,8818,0,224,266,8087,241,36,061
0295.00,8164,72.80,1508,3323,2221,5943,0,388,128,5158,269,36,061
0297.00,48,100.00,0,0,0,48,0,0,48,0,0,36,061
0299.00,4581,97.49,1064,1464,115,4466,1,0,848,3610,7,36,061
0303.00,4670,68.87,890,1807,1454,3216,0,60,141,2895,120,36,061
0307.00,3495,42.75,767,1785,2001,1494,0,154,159,995,186,36,061
0309.00,9398,90.90,2012,3467,855,8543,13,29,1512,6913,76,36,061
0311.00,0,0.00,0,0,0,0,0,0,0,0,0,36,061
0317.03,8875,30.17,2008,3957,6197,2678,0,1408,127,663,480,36,061
0317.04,6887,41.35,1824,3260,4039,2848,0,1564,90,917,277,36,061
0319.00,0,0.00,0,0,0,0,0,0,0,0,0,36,061
0231.02,4667,94.73,970,1547,246,4421,0,975,2559,698,189,06,075
0231.03,2922,96.89,677,1039,91,2831,0,548,1410,648,225,06,075
0232.00,4355,92.93,897,1249,308,4047,0,488,1899,1409,251,06,075
0233.00,3218,92.51,765,905,241,2977,0,2217,225,504,31,06,075
0234.00,2976,97.41,679,887,77,2899,53,927,625,1031,263,06,075
0251.00,3422,50.06,734,1340,1709,1713,0,548,274,789,102,06,075
0252.00,5948,47.71,1237,2155,3110,2838,4,732,85,1743,274,06,075
0253.00,4574,46.81,895,1786,2433,2141,32,558,104,1166,281,06,075
0254.01,3309,54.31,630,1244,1512,1797,1,300,165,1187,144,06,075
0254.02,3080,48.12,670,1139,1598,1482,0,685,75,449,273,06,075
0254.03,5154,77.34,991,1533,1168,3986,0,1121,461,2156,248,06,075
0255.00,9303,80.63,1930,2734,1802,7501,0,3614,58,3688,141,06,075
0256.00,5648,83.69,1194,1626,921,4727,12,3247,125,1160,183,06,075
0257.01,5074,86.76,1026,1410,672,4402,17,2893,228,1185,79,06,075
0257.02,4911,93.14,1018,1149,337,4574,9,3145,114,1304,2,06,075
0258.00,2035,88.75,456,632,229,1806,0,1137,114,496,59,06,075
0259.00,4249,77.81,970,1478,943,3306,0,2041,268,908,89,06,075
0260.01,5751,89.60,1131,1506,598,5153,17,2182,141,2500,313,06,075
0260.02,3497,75.24,697,984,866,2631,12,1199,168,1197,55,06,075
0260.03,4976,87.24,1093,1398,635,4341,36,2158,64,1938,145,06,075
0260.04,5015,89.47,968,1240,528,4487,56,2431,64,1849,87,06,075
0261.00,6934,91.97,1506,2000,557,6377,0,3986,108,1920,363,06,075
0262.00,7746,90.30,1628,1980,751,6995,69,4896,90,1767,173,06,075
0263.01,4750,85.28,980,1377,699,4051,42,2671,53,1228,57,06,075
0263.02,4785,85.60,1209,1521,689,4096,0,2727,104,1173,92,06,075
0263.03,5218,87.72,1065,1244,641,4577,4,2974,102,1415,82,06,075
0264.01,3937,96.52,875,1062,137,3800,0,2793,425,498,84,06,075
0264.02,4407,89.18,927,1190,477,3930,0,2510,671,614,135,06,075
0264.03,3655,96.14,791,1041,141,3514,7,2609,77,653,168,06,075
0264.04,2377,97.94,504,685,49,2328,2,1318,498,472,38,06,075
0301.01,4895,40.45,835,2096,2915,1980,47,1004,135,419,375,06,075
0301.02,5095,35.64,957,2193,3279,1816,0,1026,110,432,248,06,075
0302.01,4233,39.81,902,1917,2548,1685,0,1230,23,198,234,06,075
0302.02,4467,47.77,965,2109,2333,2134,0,984,97,685,368,06,075
0303.01,6101,56.11,1357,2376,2678,3423,0,2634,174,391,224,06,075
0303.02,4171,59.05,988,1448,1708,2463,0,1976,23,302,162,06,075
0304.00,5373,52.19,1451,1964,2569,2804,4,2164,128,168,340,06,075
0305.00,2820,51.45,534,1008,1369,1451,7,594,200,432,218,06,075
0306.00,2243,44.81,612,885,1238,1005,0,620,23,229,133,06,075
0307.00,6952,49.08,1854,2618,3540,3412,0,1956,76,961,419,06,075
0308.00,5681,49.45,1553,2152,2872,2809,0,1730,182,607,290,06,075
0309.00,6788,54.88,1885,2308,3063,3725,0,2908,149,545,123,06,075
0310.00,3674,54.55,977,1312,1670,2004,4,1214,98,548,140,06,075
0311.00,6616,55.18,1498,2462,2965,3651,0,1908,518,919,306,06,075
0312.01,7110,84.26,1291,1891,1119,5991,36,4369,468,819,299,06,075
0312.02,3213,88.20,597,885,379,2834,24,1677,572,426,135,06,075
0313.01,4594,83.65,955,1312,751,3843,64,2088,998,428,265,06,075
0313.02,6376,87.22,1237,1905,815,5561,0,3206,760,1149,446,06,075
0314.00,6968,90.38,1291,1822,670,6298,1,3463,965,1730,139,06,075
0326.01,4638,63.48,1143,1787,1694,2944,0,2381,26,179,358,06,075
0326.02,4523,66.31,991,1660,1524,2999,3,2447,22,261,266,06,075
0327.00,6950,67.73,1705,2403,2243,4707,0,4006,2,459,240,06,075
0328.01,4171,73.17,1029,1392,1119,3052,6,2668,34,275,69,06,075
0328.02,4060,80.64,923,1442,786,3274,9,2992,0,140,133,06,075
0329.01,5608,74.32,1416,1801,1440,4168,0,3356,48,384,380,06,075
0329.02,4264,77.98,929,1345,939,3325,0,2972,38,125,190,06,075
0330.00,8227,64.86,1743,2689,2891,5336,37,4530,56,572,141,06,075
0331.00,4630,69.83,1242,1492,1397,3233,0,2979,17,194,43,06,075
0332.01,3967,56.79,192,638,1714,2253,0,751,280,926,296,06,075
0332.03,3935,53.16,711,1525,1843,2092,0,1278,223,391,200,06,075
0332.04,3933,67.38,537,1565,1283,2650,35,1349,325,622,319,06,075
0351.00,8691,68.71,1765,2898,2719,5972,17,4887,102,691,275,06,075
0352.01,5775,64.33,1279,1962,2060,3715,2,3171,1,326,215,06,075
0352.02,4571,58.70,955,1792,1888,2683,0,1951,26,461,245,06,075
0353.00,7395,76.59,1845,2589,1731,5664,14,4824,75,514,237,06,075
0354.00,7022,66.39,1628,2475,2360,4662,0,3758,187,541,176,06,075
0401.00,4491,41.84,792,1929,2612,1879,0,1518,51,166,144,06,075
0402.00,5711,51.37,1137,2464,2777,2934,0,2080,145,434,275,06,075
0426.01,4027,56.15,764,1769,1766,2261,0,1532,122,538,69,06,075
0426.02,3375,51.88,787,1432,1624,1751,28,1252,29,287,155,06,075
0427.00,5049,56.96,1083,2384,2173,2876,0,2133,143,374,226,06,075
0428.00,2491,35.33,684,920,1611,880,0,580,0,165,135,06,075
0451.00,4964,53.08,839,2165,2329,2635,11,1931,218,359,116,06,075
0452.00,7259,52.46,1580,2928,3451,3808,7,2575,17,787,422,06,075
0476.00,5451,58.10,1145,2197,2284,3167,1,2651,39,196,280,06,075
0477.01,4259,63.18,1019,1852,1568,2691,0,2294,30,152,215,06,075
0477.02,4121,62.17,979,1577,1559,2562,0,2191,68,177,126,06,075
0478.01,4186,62.33,962,1618,1577,2609,7,1944,71,329,258,06,075
0478.02,4065,70.68,780,1560,1192,2873,0,2315,0,365,193,06,075
0479.01,6865,59.13,1565,2639,2806,4059,0,2811,190,706,352,06,075
0479.02,3722,55.16,883,1491,1669,2053,0,1487,44,213,309,06,075
0601.00,3681,17.93,632,1269,3021,660,0,310,0,214,136,06,075
0604.00,1634,44.43,273,1008,908,726,0,349,66,176,135,06,075
0605.02,3417,96.63,851,961,115,3302,0,1474,621,1085,122,06,075
0607.00,9979,60.93,2114,4794,3899,6080,0,4276,509,1083,212,06,075
0610.00,4587,87.44,1112,1545,576,4011,19,2225,388,980,399,06,075
0611.00,4527,96.55,1088,2036,156,4371,15,4134,29,173,20,06,075
0612.00,4296,89.97,770,1166,431,3865,1,1108,880,1745,131,06,075
0614.00,6140,52.30,1407,2510,2929,3211,13,1002,469,1436,291,06,075
0615.00,12511,50.50,2411,7177,6193,6318,31,4173,146,1702,266,06,075
9802.00,330,37.27,21,70,207,123,0,73,34,10,6,06,075
9803.00,78,6.41,0,65,73,5,0,0,0,0,5,06,075
9804.01,0,0.00,0,0,0,0,0,0,0,0,0,06,075
9805.01,880,92.95,188,274,62,818,0,512,186,87,33,06,075
9806.00,487,88.91,114,164,54,433,0,73,226,130,4,06,075
9809.00,271,56.83,46,148,117,154,0,58,29,55,12,06,075
9901.00,0,0.00,0,0,0,0,0,0,0,0,0,06,075
0075.02,5361,98.96,1103,1800,56,5305,0,0,5276,12,17,11,001
0075.03,2694,98.55,560,921,39,2655,0,5,2619,15,16,11,001
0075.04,2780,99.50,563,1052,14,2766,1,0,2765,0,0,11,001
0076.01,4182,97.75,874,1925,94,4088,25,17,3958,88,0,11,001
0076.03,3950,93.85,808,2159,243,3707,0,67,3271,369,0,11,001
0076.04,3766,96.26,861,1722,141,3625,63,0,3470,61,31,11,001
0076.05,3609,97.98,790,1589,73,3536,34,164,3221,10,107,11,001
0077.03,5267,100.00,1244,2183,0,5267,0,17,5211,39,0,11,001
0077.07,4423,100.00,978,1500,0,4423,0,0,4332,70,21,11,001
0077.08,3070,100.00,742,1158,0,3070,0,0,3070,0,0,11,001
0077.09,2165,99.12,478,1004,19,2146,0,0,1962,110,74,11,001
0078.03,3473,98.91,651,1499,38,3435,42,4,2959,388,42,11,001
0078.04,3214,99.53,619,1121,15,3199,0,8,3017,124,50,11,001
0078.06,2080,97.26,426,921,57,2023,13,0,1991,9,10,11,001
0078.07,2314,99.96,532,884,1,2313,0,12,2249,32,20,11,001
0078.08,4289,99.51,820,1383,21,4268,0,7,4130,131,0,11,001
0078.09,2805,97.61,656,1175,67,2738,12,16,2620,55,35,11,001
0079.01,3951,81.19,831,1540,743,3208,20,13,2985,115,75,11,001
0079.03,1825,83.01,374,797,310,1515,7,32,1370,50,56,11,001
0080.01,3184,49.37,661,1363,1612,1572,0,227,1075,155,115,11,001
0080.02,3546,40.89,730,1599,2096,1450,0,111,1139,131,69,11,001
0081.00,3212,24.94,605,1377,2411,801,0,93,376,242,90,11,001
0082.00,2929,18.23,396,1402,2395,534,0,85,161,211,77,11,001
0083.01,2383,26.56,439,989,1750,633,0,102,209,189,133,11,001
0083.02,2409,28.77,375,991,1716,693,1,118,434,76,64,11,001
0084.02,2133,51.34,318,1100,1038,1095,0,52,873,82,88,11,001
0084.10,1355,53.80,236,551,626,729,0,42,618,57,12,11,001
0087.01,2311,69.45,325,922,706,1605,0,0,1436,144,25,11,001
0087.02,1930,88.13,352,747,229,1701,0,11,1472,175,43,11,001
0088.02,4598,83.01,779,1780,781,3817,69,129,3478,44,97,11,001
0088.03,2148,76.77,167,513,499,1649,9,71,1287,215,67,11,001
0088.04,2442,91.85,417,1073,199,2243,0,171,1851,179,42,11,001
0089.03,3465,93.97,786,1452,209,3256,0,88,2915,208,45,11,001
0089.04,3046,95.34,588,1534,142,2904,0,12,2411,370,111,11,001
0090.00,3049,97.08,603,1731,89,2960,0,9,2825,116,10,11,001
0091.02,5288,92.95,1029,1976,373,4915,0,42,4570,261,42,11,001
0092.01,2261,65.68,322,768,776,1485,0,32,1186,170,97,11,001
0092.03,2612,84.30,412,1020,410,2202,0,0,1895,180,127,11,001
0092.04,2785,90.66,638,1315,260,2525,0,12,2013,433,67,11,001
0093.01,3204,64.95,717,1187,1123,2081,0,99,1681,185,116,11,001
0093.02,1053,79.87,201,473,212,841,0,124,617,90,10,11,001
0094.00,4850,86.25,1042,1663,667,4183,0,65,3720,327,71,11,001
0095.01,7088,77.02,1027,1832,1629,5459,6,149,3713,1540,51,11,001
0095.03,3347,77.47,776,1270,754,2593,0,21,2414,96,62,11,001
0095.04,3315,78.94,594,1283,698,2617,20,6,2020,531,40,11,001
0095.05,2701,94.37,627,1114,152,2549,0,67,2114,342,26,11,001
0095.07,1631,99.02,343,583,16,1615,0,0,1440,170,5,11,001
0095.08,3829,90.55,804,1617,362,3467,0,78,2971,398,20,11,001
0095.09,3485,97.19,830,1289,98,3387,0,0,2907,421,59,11,001
0096.01,2211,99.82,528,784,4,2207,0,0,2168,11,28,11,001
0096.02,3457,99.83,766,1575,6,3451,0,0,3314,103,34,11,001
0096.03,3014,99.67,633,1557,10,3004,27,0,2785,135,57,11,001
0096.04,2108,99.34,433,993,14,2094,0,0,2020,46,28,11,001
0097.00,3371,99.73,796,1154,9,3362,0,0,3321,14,27,11,001
0098.01,2159,98.98,422,801,22,2137,4,0,1964,54,115,11,001
0098.02,1646,99.82,388,614,3,1643,0,0,1636,7,0,11,001
0098.03,2733,99.78,583,1249,6,2727,8,0,2713,0,6,11,001
0098.04,2778,98.78,611,1029,34,2744,0,0,2455,209,80,11,001
0098.07,3043,98.09,681,1250,58,2985,0,0,2942,22,21,11,001
0098.10,2676,100.00,682,1160,0,2676,0,0,2605,9,62,11,001
0098.11,5018,100.00,1176,1925,0,5018,0,0,4983,10,25,11,001
0099.01,2563,96.72,646,1031,84,2479,0,0,2410,34,35,11,001
0099.02,2780,99.06,683,1166,26,2754,0,25,2679,2,48,11,001
0099.03,1828,98.03,488,736,36,1792,54,0,1708,24,6,11,001
0099.04,2462,97.56,454,948,60,2402,0,1,2227,119,55,11,001
0099.05,2795,99.86,586,1086,4,2791,1,0,2643,147,0,11,001
0099.06,1521,98.55,368,667,22,1499,0,5,1436,39,19,11,001
0099.07,2890,100.00,800,1142,0,2890,0,0,2790,89,11,11,001
0101.00,2624,42.26,327,1858,1515,1109,0,371,324,324,90,11,001
0102.00,2537,58.26,512,1361,1059,1478,0,115,1063,181,119,11,001
0103.00,3462,79.87,729,1193,697,2765,7,74,1925,695,64,11,001
0104.00,4474,92.96,756,1590,315,4159,0,0,3996,127,36,11,001
0105.00,3418,57.40,569,2249,1456,1962,4,188,1517,169,84,11,001
0106.00,5783,41.66,777,2628,3374,2409,45,303,1511,426,124,11,001
0107.00,1821,29.00,135,1133,1293,528,0,284,65,120,59,11,001
0108.00,6289,36.02,40,959,4024,2265,11,849,662,464,279,11,001
0109.00,4275,98.55,695,1222,62,4213,0,7,4103,65,38,11,001
0110.00,3552,38.71,531,2337,2177,1375,22,134,934,224,61,11,001
0111.00,5490,92.84,903,1734,393,5097,0,13,4701,316,67,11,001
9203.13,5598,44.82,1396,1823,3089,2509,0,475,55,1909,70,06,037
9203.14,2944,37.33,777,954,1845,1099,0,179,3,725,192,06,037
9203.22,2976,36.76,841,1076,1882,1094,0,85,214,650,145,06,037
9203.26,6651,47.96,1512,2529,3461,3190,0,1554,293,985,358,06,037
9203.28,2089,31.79,538,869,1425,664,0,353,10,199,102,06,037
9203.29,5834,42.65,1438,2162,3346,2488,41,634,81,1362,370,06,037
9203.30,5799,46.25,1587,2381,3117,2682,0,959,13,1448,262,06,037
9203.31,4301,32.57,1017,1467,2900,1401,0,414,61,823,103,06,037
9203.32,2472,38.27,425,641,1526,946,9,193,60,606,78,06,037
9203.34,6263,36.79,1409,2361,3959,2304,0,709,35,1397,163,06,037
9203.36,6362,80.79,1395,1699,1222,5140,0,108,54,4821,157,06,037
9203.37,7549,88.45,1703,1937,872,6677,0,473,465,5359,380,06,037
9203.38,6412,40.22,1556,1758,3833,2579,0,1150,193,1090,146,06,037
9203.39,7199,40.59,1868,2214,4277,2922,0,1549,180,1000,193,06,037
9301.01,157,37.58,42,50,98,59,0,4,0,43,12,06,037
9302.00,441,35.37,92,168,285,156,4,0,26,117,9,06,037
9303.01,869,35.56,151,242,560,309,0,38,71,158,42,06,037
9800.01,0,0.00,0,0,0,0,0,0,0,0,0,06,037
9800.02,0,0.00,0,0,0,0,0,0,0,0,0,06,037
9800.03,0,0.00,0,0,0,0,0,0,0,0,0,06,037
9800.04,11,100.00,0,11,0,11,0,0,0,11,0,06,037
9800.05,0,0.00,0,0,0,0,0,0,0,0,0,06,037
9800.06,0,0.00,0,0,0,0,0,0,0,0,0,06,037
9800.07,0,0.00,0,0,0,0,0,0,0,0,0,06,037
9800.08,124,56.45,29,37,54,70,0,0,0,70,0,06,037
9800.09,5,80.00,0,0,1,4,0,4,0,0,0,06,037
9800.10,139,74.82,24,59,35,104,0,43,2,59,0,06,037
9800.13,0,0.00,0,0,0,0,0,0,0,0,0,06,037
9800.14,70,0.00,0,13,70,0,0,0,0,0,0,06,037
9800.15,347,73.20,73,153,93,254,0,79,128,45,2,06,037
9800.18,0,0.00,0,0,0,0,0,0,0,0,0,06,037
9800.19,214,33.18,56,71,143,71,0,23,8,40,0,06,037
9800.20,0,0.00,0,0,0,0,0,0,0,0,0,06,037
9800.21,0,0.00,0,0,0,0,0,0,0,0,0,06,037
9800.22,0,0.00,0,0,0,0,0,0,0,0,0,06,037
9800.23,10,100.00,5,5,0,10,0,0,0,10,0,06,037
9800.24,246,48.37,59,79,127,119,21,38,12,14,34,06,037
9800.25,0,0.00,0,0,0,0,0,0,0,0,0,06,037
9800.26,44,90.91,8,8,4,40,0,0,14,22,4,06,037
9800.28,0,0.00,0,0,0,0,0,0,0,0,0,06,037
9800.30,0,0.00,0,0,0,0,0,0,0,0,0,06,037
9800.31,1035,65.31,13,13,359,676,9,53,249,337,28,06,037
9800.33,0,0.00,0,0,0,0,0,0,0,0,0,06,037
9901.00,0,0.00,0,0,0,0,0,0,0,0,0,06,037
9902.00,0,0.00,0,0,0,0,0,0,0,0,0,06,037
9903.00,0,0.00,0,0,0,0,0,0,0,0,0,06,037
8423.00,3754,29.83,614,1576,2634,1120,0,193,371,388,168,17,031
8424.00,3102,100.00,699,1303,0,3102,0,0,3102,0,0,17,031
8425.00,2286,99.91,575,821,2,2284,0,0,2277,7,0,17,031
8426.00,4852,54.00,1118,1430,2232,2620,0,446,162,1955,57,17,031
8428.00,7446,95.64,1595,1992,325,7121,11,319,66,6711,14,17,031
8429.00,2412,95.90,484,1203,99,2313,5,64,1817,427,0,17,031
8430.00,2848,100.00,594,957,0,2848,7,0,2769,72,0,17,031
8431.00,1931,94.20,423,513,112,1819,0,32,1711,33,43,17,031
8432.00,2538,89.40,510,776,269,2269,6,37,39,2163,24,17,031
8433.00,1848,92.15,305,421,145,1703,0,9,873,804,17,17,031
8434.00,1281,96.02,278,423,51,1230,0,40,1036,53,101,17,031
8435.00,8572,90.04,217,297,854,7718,35,37,5696,1950,0,17,031
8436.00,2639,96.97,498,1090,80,2559,0,34,2356,137,32,17,031
8437.00,2440,35.12,592,966,1583,857,6,103,34,635,79,17,031
8438.00,1853,76.42,356,580,437,1416,0,171,858,382,5,17,031
8439.00,3630,98.68,822,1917,48,3582,0,69,3360,141,12,17,031
9800.00,0,0.00,0,0,0,0,0,0,0,0,0,17,031
9801.00,0,0.00,0,0,0,0,0,0,0,0,0,17,031
9900.00,0,0.00,0,0,0,0,0,0,0,0,0,17,031
9816.00,0,0.00,0,0,0,0,0,0,0,0,0,25,025
9817.00,0,0.00,0,0,0,0,0,0,0,0,0,25,025
9818.00,33,0.00,9,19,33,0,0,0,0,0,0,25,025
9901.01,0,0.00,0,0,0,0,0,0,0,0,0,25,025
1175.00,5027,64.81,1325,1892,1769,3258,0,2604,16,638,0,36,081
1181.00,1577,59.73,392,559,635,942,8,671,64,156,43,36,081
1185.00,2186,86.23,544,672,301,1885,0,1219,37,629,0,36,081
1187.00,2404,85.98,581,752,337,2067,0,1370,2,629,66,36,081
1189.00,2556,91.51,618,703,217,2339,0,2045,0,294,0,36,081
1191.00,3420,93.65,803,1004,217,3203,0,1985,0,1097,121,36,081
1193.00,2079,77.83,516,701,461,1618,0,1270,54,274,20,36,081
1195.00,1412,69.33,366,424,433,979,0,571,43,338,27,36,081
1199.00,1520,81.05,388,485,288,1232,0,973,49,139,71,36,081
1201.00,1617,86.95,360,467,211,1406,0,1204,6,187,9,36,081
1203.00,1734,79.58,424,476,354,1380,0,1191,0,163,26,36,081
1205.00,2747,95.19,751,972,132,2615,20,2129,34,146,286,36,081
1207.00,2781,68.03,711,865,889,1892,17,1193,13,598,71,36,081
1211.00,0,0.00,0,0,0,0,0,0,0,0,0,36,081
1215.00,4434,86.87,1108,1238,582,3852,0,2798,56,978,20,36,081
1223.00,3556,60.35,883,1140,1410,2146,0,1690,6,319,131,36,081
1227.01,11789,71.81,3004,4422,3323,8466,0,4091,703,3500,172,36,081
1227.02,7007,76.10,1704,2889,1675,5332,14,929,2125,2222,42,36,081
1241.00,3148,63.06,860,1110,1163,1985,0,1458,287,168,72,36,081
1247.00,3442,40.30,957,1165,2055,1387,0,1102,52,233,0,36,081
1257.00,3298,81.56,657,926,608,2690,0,2006,288,260,136,36,081
1265.00,1517,70.67,334,530,445,1072,0,525,177,247,123,36,081
1267.00,4616,64.36,483,677,1645,2971,0,1294,607,875,195,36,081
1277.00,3528,24.89,849,1070,2650,878,0,466,310,99,3,36,081
1283.00,29,31.03,4,25,20,9,0,9,0,0,0,36,081
1291.02,3578,42.26,963,1205,2066,1512,0,1097,3,219,193,36,081
1291.03,3877,39.82,983,1910,2333,1544,0,1164,91,257,32,36,081
1291.04,4241,56.40,1226,1884,1849,2392,0,1806,127,242,217,36,081
1301.00,3984,62.42,978,1523,1497,2487,0,818,701,758,210,36,081
1333.00,3626,52.15,961,1245,1735,1891,0,1294,62,498,37,36,081
1339.00,1315,48.82,336,402,673,642,0,412,3,139,88,36,081
1341.00,3555,75.05,918,1066,887,2668,0,2479,5,176,8,36,081
1347.00,10137,80.68,2390,3836,1958,8179,80,5099,763,1868,369,36,081
1367.00,6054,67.96,1497,2342,1940,4114,0,2764,119,816,415,36,081
1377.00,6270,68.92,1629,2329,1949,4321,0,3560,222,332,207,36,081
1385.01,4586,70.74,1181,1422,1342,3244,54,2918,30,242,0,36,081
1385.02,39,58.97,0,0,16,23,0,0,7,16,0,36,081
1399.00,1710,56.90,450,535,737,973,0,808,3,115,47,36,081
1403.00,2276,59.84,611,810,914,1362,0,1005,13,324,20,36,081
1409.01,958,67.54,239,314,311,647,0,538,14,94,1,36,081
1409.02,3130,75.37,780,889,771,2359,0,2021,46,292,0,36,081
1417.00,4821,71.62,1185,1530,1368,3453,13,2294,183,742,221,36,081
1429.00,3354,52.33,957,1202,1599,1755,0,1519,0,168,68,36,081
1435.00,2153,63.86,564,707,778,1375,0,1160,0,161,54,36,081
1441.00,3254,67.12,786,1202,1070,2184,0,1707,0,424,53,36,081
1447.00,3176,88.26,809,944,373,2803,184,1348,396,684,191,36,081
1451.01,1658,52.90,447,522,781,877,0,531,0,125,221,36,081
1451.02,2616,73.47,585,771,694,1922,0,1419,44,299,160,36,081
1459.00,2913,55.34,711,937,1301,1612,0,1055,10,547,0,36,081
1463.00,3209,44.16,719,957,1792,1417,0,1148,28,241,0,36,081
1467.00,3313,55.90,830,1328,1461,1852,0,1320,30,492,10,36,081
1471.00,3059,54.99,872,1296,1377,1682,0,1009,0,546,127,36,081
1479.00,4845,55.09,1274,1725,2176,2669,0,1493,0,1142,34,36,081
1483.00,2920,37.12,798,970,1836,1084,0,913,35,88,48,36,081
1507.01,2913,39.68,843,1058,1757,1156,0,926,1,203,26,36,081
1507.02,3156,46.10,776,1223,1701,1455,0,952,42,430,31,36,081
1529.01,6796,65.92,1820,2556,2316,4480,0,3690,2,760,28,36,081
1529.02,5132,52.47,1249,2185,2439,2693,0,2125,395,61,112,36,081
1551.01,1947,4.73,397,1522,1855,92,0,0,18,57,17,36,081
1551.02,7641,50.39,1615,3364,3791,3850,0,1789,847,959,255,36,081
1567.00,1363,77.48,165,246,307,1056,0,556,293,192,15,36,081
1571.01,7859,69.98,2120,2480,2359,5500,0,4085,261,1007,147,36,081
1571.02,2065,77.63,475,552,462,1603,0,1176,31,333,63,36,081
1579.01,4994,62.86,1198,1699,1855,3139,0,2298,144,448,249,36,081
1579.02,3809,66.47,967,1089,1277,2532,32,2003,89,289,119,36,081
1579.03,3852,57.40,1003,1264,1641,2211,0,2054,0,157,0,36,081
1617.00,4911,52.35,1119,1482,2340,2571,0,1160,5,1351,55,36,081
1621.00,7167,81.08,1588,2035,1356,5811,0,3213,336,1866,396,36,081
9901.00,0,0.00,0,0,0,0,0,0,0,0,0,36,081
6090.00,2568,41.51,652,974,1502,1066,0,516,52,311,187,06,081
6091.00,1689,52.28,341,588,806,883,0,255,21,518,89,06,081
6092.01,3653,25.95,936,1585,2705,948,3,331,31,423,160,06,081
6092.02,4174,43.20,983,2001,2371,1803,0,767,129,710,197,06,081
6093.00,3505,23.91,943,1249,2667,838,0,322,34,331,151,06,081
6094.00,3532,19.39,950,1123,2847,685,0,189,18,370,108,06,081
6095.00,5050,27.70,1440,1777,3651,1399,0,641,0,582,176,06,081
6096.01,2925,32.79,715,1191,1966,959,0,514,103,212,130,06,081
6096.02,1614,31.04,448,631,1113,501,0,285,4,81,131,06,081
6096.03,5335,27.99,1424,2023,3842,1493,0,636,29,446,382,06,081
6097.00,4428,17.55,1330,1618,3651,777,0,244,15,338,180,06,081
6098.00,4671,33.35,1225,1709,3113,1558,0,598,48,780,132,06,081
6099.00,3069,23.20,833,1073,2357,712,0,143,2,386,181,06,081
6100.00,4589,35.26,1038,2027,2971,1618,0,449,74,948,147,06,081
6101.00,2401,54.56,557,916,1091,1310,22,115,17,1127,29,06,081
6102.01,6123,89.02,1121,1769,672,5451,0,410,324,4657,60,06,081
6102.02,2217,65.72,297,708,760,1457,5,245,189,943,75,06,081
6102.03,3980,91.31,720,1072,346,3634,0,167,57,3379,31,06,081
6103.02,2577,69.03,516,896,798,1779,0,265,86,1350,78,06,081
6103.03,8011,54.01,2319,3160,3684,4327,0,3296,140,523,368,06,081
6103.04,4230,52.60,1119,1815,2005,2225,12,1465,168,399,181,06,081
6104.00,6308,82.18,1319,1738,1124,5184,0,335,246,4520,83,06,081
6105.00,5180,84.29,944,1355,814,4366,0,721,32,3533,80,06,081
6106.01,5980,90.57,1236,1640,564,5416,0,257,21,5108,30,06,081
6106.02,3633,52.85,807,1186,1713,1920,0,236,33,1544,107,06,081
6107.00,5011,51.45,1240,2137,2433,2578,1,711,49,1717,100,06,081
6108.00,5183,78.45,1085,1703,1117,4066,0,368,126,3444,128,06,081
6109.00,7200,67.17,1548,2512,2364,4836,30,703,42,3780,281,06,081
6110.00,6109,47.98,1506,2253,3178,2931,0,413,214,2117,187,06,081
6111.00,6412,20.45,1678,2325,5101,1311,0,598,0,454,259,06,081
6112.00,3040,34.61,798,1064,1988,1052,0,189,0,813,50,06,081
6113.00,5105,31.87,1385,1965,3478,1627,0,493,19,923,192,06,081
6114.00,4419,21.14,1202,1450,3485,934,0,435,13,234,252,06,081
6115.00,2662,26.78,810,935,1949,713,0,484,0,114,115,06,081
6116.00,2261,26.76,580,775,1656,605,0,278,112,93,122,06,081
6117.00,5395,94.48,971,1401,298,5097,13,454,1157,3414,59,06,081
6118.00,4268,97.14,700,843,122,4146,4,677,871,2520,74,06,081
6119.00,10170,88.48,1789,2486,1172,8998,0,787,1127,6738,346,06,081
6120.00,7761,98.96,1325,1497,81,7680,0,1213,1002,5278,187,06,081
6121.00,8161,79.93,1733,2620,1638,6523,0,1038,799,4573,113,06,081
6125.00,4210,21.69,1036,1918,3297,913,0,352,18,305,238,06,081
6126.00,4627,27.06,883,2034,3375,1252,0,901,19,110,222,06,081
6127.00,2113,12.07,551,736,1858,255,0,158,1,85,11,06,081
6128.00,3242,22.83,938,1025,2502,740,0,366,6,275,93,06,081
6129.00,4485,24.95,1108,1693,3366,1119,12,642,41,244,180,06,081
6130.00,3479,21.53,935,1440,2730,749,0,568,18,81,82,06,081
6132.00,6853,15.19,2081,2687,5812,1041,0,385,15,255,386,06,081
6133.00,2751,18.65,801,983,2238,513,0,239,0,180,94,06,081
6134.00,3244,13.69,815,1188,2800,444,0,174,0,244,26,06,081
6135.01,4825,45.41,1140,1555,2634,2191,0,224,15,1904,48,06,081
6135.02,6047,28.26,1506,2188,4338,1709,0,294,0,1188,227,06,081
6136.00,6607,25.50,1667,2213,4922,1685,0,85,24,1449,127,06,081
6137.00,8585,41.56,2281,3466,5017,3568,0,571,26,2685,286,06,081
6138.00,3809,29.25,821,1429,2695,1114,8,34,17,948,107,06,081
6139.00,6674,41.86,1432,2116,3880,2794,19,1088,314,1009,364,06,081
6140.00,5598,74.67,1325,1628,1418,4180,0,2462,253,993,472,06,081
9843.00,0,0.00,0,0,0,0,0,0,0,0,0,06,081
9901.00,0,0.00,0,0,0,0,0,0,0,0,0,06,081
4222.00,7112,10.45,1765,3119,6369,743,0,261,234,86,162,25,021
4223.01,3038,6.32,824,1045,2846,192,0,43,16,32,101,25,021
4223.02,6543,19.18,1442,2942,5288,1255,24,327,479,86,339,25,021
4224.00,7649,16.90,1788,3317,6356,1293,19,405,434,320,115,25,021
4225.01,5123,23.81,1227,2176,3903,1220,0,121,299,368,432,25,021
4225.02,5297,27.69,1289,2325,3830,1467,0,698,249,261,259,25,021
4226.00,7112,10.59,1745,2474,6359,753,0,311,61,182,199,25,021
4227.00,3619,5.00,953,1501,3438,181,0,97,0,28,56,25,021
4228.00,3903,6.00,980,1729,3669,234,0,173,5,13,43,25,021
4231.00,8281,2.21,2255,2967,8098,183,0,60,0,39,84,25,021
4401.00,8735,6.63,2212,3358,8156,579,13,234,59,20,253,25,021
4412.02,2830,3.53,769,919,2730,100,0,4,10,52,34,25,021
4412.03,4011,1.40,941,1434,3955,56,0,6,19,31,0,25,021
4412.04,4446,3.04,1147,1540,4311,135,0,19,48,46,22,25,021
4421.01,5870,10.78,1342,1752,5237,633,0,265,81,99,188,25,021
4421.02,7045,9.44,1862,2571,6380,665,0,398,90,145,32,25,021
4421.03,7163,10.36,1943,2163,6421,742,0,452,35,211,44,25,021
4422.01,3914,8.51,1081,1399,3581,333,0,161,36,35,101,25,021
4422.02,8739,6.05,2236,3230,8210,529,18,30,11,300,170,25,021
4431.01,8052,9.15,2159,3008,7315,737,0,279,70,271,117,25,021
4431.02,8630,4.95,2254,3188,8203,427,0,149,55,68,155,25,021
4561.01,4256,22.67,1036,1228,3291,965,20,76,742,51,76,25,021
4561.02,5009,21.90,1300,1898,3912,1097,0,71,527,375,124,25,021
4562.00,3369,26.80,883,1283,2466,903,0,83,617,89,114,25,021
4563.01,1695,17.23,452,737,1403,292,0,59,157,17,59,25,021
4563.02,5319,25.47,1374,2522,3964,1355,111,166,741,201,136,25,021
4564.01,2782,28.36,712,1018,1993,789,0,26,541,92,130,25,021
4564.02,5680,15.04,1518,1869,4826,854,0,138,506,142,68,25,021
4571.00,4453,25.11,1170,1659,3335,1118,11,322,483,190,112,25,021
4572.00,5839,12.90,1594,2079,5086,753,0,340,119,142,152,25,021
0407.02,7800,80.38,1552,2612,1530,6270,0,358,1027,4732,153,36,005
0408.00,4557,91.86,1082,1506,371,4186,0,131,2398,1532,125,36,005
0409.00,3048,88.09,740,1320,363,2685,0,67,2030,525,63,36,005
0411.00,2907,87.93,738,1137,351,2556,0,135,576,1845,0,36,005
0413.00,7561,87.28,1707,2802,962,6599,0,537,588,5227,247,36,005
0414.00,4714,90.05,1154,1571,469,4245,0,211,2781,1115,138,36,005
0415.00,5874,90.13,1252,2245,580,5294,0,156,863,4003,272,36,005
0418.00,4276,96.89,980,1280,133,4143,0,260,2140,1591,152,36,005
0419.00,6951,78.10,1498,2524,1522,5429,0,982,785,3647,15,36,005
0420.00,3516,96.53,738,1397,122,3394,0,158,1877,1295,64,36,005
0421.00,5654,91.86,1223,2099,460,5194,0,651,723,3622,198,36,005
0422.00,3563,98.26,745,1088,62,3501,0,0,2887,489,125,36,005
0423.00,4485,85.57,1001,1454,647,3838,0,544,461,2759,74,36,005
0424.00,2686,96.17,621,797,103,2583,0,28,2226,329,0,36,005
0425.00,6134,89.96,1275,2186,616,5518,0,455,825,4181,57,36,005
0426.00,6694,95.47,1624,2002,303,6391,0,259,5594,516,22,36,005
0428.00,2025,95.70,509,674,87,1938,0,12,1578,307,41,36,005
0429.01,4055,85.38,827,1198,593,3462,0,809,551,2059,43,36,005
0429.02,4621,93.59,1036,1592,296,4325,32,170,945,3104,74,36,005
0430.00,3321,97.80,780,1041,73,3248,29,59,2454,539,167,36,005
0431.00,10325,95.70,2276,3396,444,9881,0,1184,2213,5913,571,36,005
0434.00,3837,94.92,921,1263,195,3642,0,180,2400,900,162,36,005
0435.00,52,100.00,13,17,0,52,0,0,52,0,0,36,005
0436.00,2244,93.72,594,697,141,2103,0,178,1556,320,49,36,005
0442.00,4071,93.34,748,1197,271,3800,0,0,2942,852,6,36,005
0444.00,3576,96.81,869,1192,114,3462,0,21,2754,558,129,36,005
0448.00,2181,98.44,512,667,34,2147,0,55,1832,217,43,36,005
0449.01,1465,23.82,327,717,1116,349,14,16,67,220,32,36,005
0449.02,2031,12.21,479,826,1783,248,0,7,8,233,0,36,005
0451.01,1531,16.53,353,762,1278,253,0,91,21,141,0,36,005
0451.02,1893,19.39,426,859,1526,367,0,40,70,256,1,36,005
0456.00,3275,81.74,768,974,598,2677,0,117,1437,1013,110,36,005
0458.00,5243,98.30,1368,1930,89,5154,0,66,1724,3216,148,36,005
0460.00,2849,98.07,587,942,55,2794,0,13,1982,784,15,36,005
0462.01,28926,90.52,6658,12316,2743,26183,17,316,16234,9222,394,36,005
0462.02,9409,97.76,1941,2574,211,9198,76,97,6401,2482,142,36,005
0484.00,4377,96.02,897,1224,174,4203,0,11,3333,775,84,36,005
0504.00,63,100.00,18,18,0,63,0,3,11,49,0,36,005
0516.00,4439,31.81,1020,1913,3027,1412,0,209,24,1148,31,36,005
0058.01,5155,25.28,1480,1636,3852,1303,16,571,26,521,169,06,111
0058.02,9669,28.80,2567,3025,6884,2785,0,1320,129,1069,267,06,111
0059.01,7027,19.55,1923,2280,5653,1374,9,439,0,735,191,06,111
0059.06,6509,22.43,1778,2460,5049,1460,47,330,112,698,273,06,111
0059.07,3655,12.91,1034,1777,3183,472,0,111,37,287,37,06,111
0059.08,2556,29.46,694,889,1803,753,0,240,18,375,120,06,111
0059.09,3471,31.06,1001,1475,2393,1078,0,246,111,539,182,06,111
0059.10,1725,17.97,516,624,1415,310,0,64,0,149,97,06,111
0059.11,4088,33.00,1009,1519,2739,1349,0,256,67,945,81,06,111
0060.00,4801,32.87,1131,1539,3223,1578,0,290,27,1106,155,06,111
0061.00,8530,63.27,2252,2827,3133,5397,0,1842,138,3328,89,06,111
0062.00,2831,21.09,877,1048,2234,597,0,176,0,345,76,06,111
0063.01,6233,25.49,1674,2580,4644,1589,0,603,0,729,257,06,111
0063.02,3926,35.05,677,827,2550,1376,14,373,241,588,160,06,111
0064.00,7985,34.56,1963,2518,5225,2760,12,525,0,1922,301,06,111
0065.00,3671,49.09,755,1027,1869,1802,10,65,0,1691,36,06,111
0066.00,4342,26.62,1067,1326,3186,1156,0,501,18,578,59,06,111
0067.00,3188,25.91,834,1123,2362,826,0,341,0,350,135,06,111
0068.00,4016,36.65,937,1192,2544,1472,0,113,1,1208,150,06,111
0069.00,3803,34.16,816,1720,2504,1299,17,269,28,887,98,06,111
0070.00,3978,51.06,840,1653,1947,2031,32,395,83,1430,91,06,111
0071.00,6021,53.35,1278,2706,2809,3212,41,258,160,2701,52,06,111
0072.01,3460,19.88,918,1174,2772,688,0,180,58,374,76,06,111
0072.02,4206,21.42,1168,1586,3305,901,0,337,16,362,186,06,111
0073.00,1747,14.42,472,751,1495,252,38,63,0,111,40,06,111
0074.02,6457,18.88,1755,2641,5238,1219,0,549,113,513,44,06,111
0074.03,6051,25.68,1683,2199,4497,1554,0,775,48,529,202,06,111
0074.05,6822,24.51,1779,2456,5150,1672,0,863,27,585,197,06,111
0074.06,2452,23.74,692,825,1870,582,7,405,13,128,29,06,111
0075.05,3455,35.02,864,1117,2245,1210,0,225,0,902,83,06,111
0075.06,7564,22.62,2117,2453,5853,1711,0,450,23,1143,95,06,111
0075.07,7113,21.72,1996,2382,5568,1545,0,630,45,647,223,06,111
0075.08,3591,24.31,965,1424,2718,873,0,220,24,608,21,06,111
0075.09,4538,34.27,1122,1572,2983,1555,0,520,157,576,302,06,111
0075.10,5947,32.72,1795,2022,4001,1946,0,1173,27,547,199,06,111
0075.11,2339,25.69,654,801,1738,601,52,179,33,197,140,06,111
0075.12,5489,36.27,1415,1829,3498,1991,22,627,104,963,275,06,111
0075.13,1677,24.27,444,518,1270,407,0,85,22,271,29,06,111
0075.14,6497,29.49,1696,2990,4581,1916,0,782,0,992,142,06,111
0076.06,1644,43.31,420,437,932,712,0,131,39,476,66,06,111
0076.07,6239,22.52,1779,2041,4834,1405,0,652,0,665,88,06,111
0076.09,2648,27.04,758,796,1932,716,14,197,23,429,53,06,111
0076.10,5198,31.44,1480,1718,3564,1634,11,351,77,988,207,06,111
0076.11,4413,80.81,816,913,847,3566,0,112,14,3440,0,06,111
0076.12,4827,45.41,1158,1639,2635,2192,10,96,22,1973,91,06,111
0076.13,3932,40.54,947,1182,2338,1594,24,565,79,868,58,06,111
0076.14,7660,37.90,1963,2351,4757,2903,14,495,48,2011,335,06,111
0077.00,6041,52.29,1423,2043,2882,3159,0,559,177,2301,122,06,111
0078.00,4237,65.12,1019,1408,1478,2759,0,639,119,1921,80,06,111
0079.01,5742,55.89,1258,1714,2533,3209,0,417,141,2492,159,06,111
0079.03,4682,34.90,1273,1512,3048,1634,4,778,90,648,114,06,111
0079.04,5975,45.14,1429,1740,3278,2697,64,251,89,1919,374,06,111
0080.01,3592,47.66,795,959,1880,1712,18,221,27,1327,119,06,111
0080.02,5274,50.11,1259,1535,2631,2643,0,236,8,2187,212,06,111
0080.04,4774,48.41,1151,1398,2463,2311,7,231,133,1751,189,06,111
0080.05,2465,49.29,620,738,1250,1215,0,195,13,942,65,06,111
0081.01,3330,31.65,822,1066,2276,1054,10,209,4,796,35,06,111
0082.01,4346,43.63,1049,1426,2450,1896,7,366,47,1269,207,06,111
0082.02,4762,43.55,1193,1462,2688,2074,0,354,54,1435,231,06,111
0083.02,5577,39.27,1397,1977,3387,2190,0,599,37,1459,95,06,111
0083.03,3949,36.67,914,1361,2501,1448,17,362,51,844,174,06,111
0083.04,5637,36.40,1467,2112,3585,2052,0,589,67,1089,307,06,111
0083.05,3787,43.41,1082,1244,2143,1644,0,768,13,591,272,06,111
0083.06,3882,42.81,1108,1546,2220,1662,32,570,18,909,133,06,111
0084.01,5374,34.85,1273,1851,3501,1873,8,336,27,1313,189,06,111
0084.02,5251,22.91,1408,1648,4048,1203,0,291,67,717,128,06,111
0085.00,8595,28.68,2337,3001,6130,2465,66,938,79,1156,226,06,111
0086.00,8128,89.78,1642,2218,831,7297,0,316,200,6719,62,06,111
0087.00,6366,85.39,1233,1874,930,5436,19,197,61,5082,77,06,111
0088.00,5195,75.11,1077,1350,1293,3902,0,135,68,3645,54,06,111
0089.00,3655,89.79,648,716,373,3282,0,88,39,3129,26,06,111
0091.00,4769,97.86,906,1126,102,4667,0,80,118,4438,31,06,111
9800.00,110,68.18,0,0,35,75,0,0,5,64,6,06,111
9901.00,0,0.00,0,0,0,0,0,0,0,0,0,06,111
0279.00,1972,16.02,424,612,1656,316,7,114,26,141,28,36,085
0291.02,2814,33.80,757,980,1863,951,9,168,144,584,46,36,085
0291.03,7644,19.19,2064,2596,6177,1467,0,601,85,781,0,36,085
0291.04,7273,36.34,1950,2333,4630,2643,0,561,532,1388,162,36,085
0303.01,4895,59.75,1221,1826,1970,2925,0,785,570,1502,68,36,085
0303.02,6279,71.33,1633,1939,1800,4479,0,899,1107,2248,225,36,085
0319.01,2550,93.84,784,1017,157,2393,0,161,1540,692,0,36,085
0319.02,4611,85.32,1220,1659,677,3934,0,42,2853,966,73,36,085
0323.00,1131,75.95,336,495,272,859,0,0,336,515,8,36,085
9901.00,0,0.00,0,0,0,0,0,0,0,0,0,36,085
0146.06,6046,14.31,1672,2011,5181,865,0,209,229,347,80,36,119
0146.07,4253,25.65,1231,1398,3162,1091,10,160,353,537,31,36,119
0147.01,4905,40.51,1251,1682,2918,1987,0,113,609,1117,148,36,119
0147.03,6257,29.98,1724,2116,4381,1876,0,195,219,1462,0,36,119
0147.04,2705,53.68,671,854,1253,1452,0,40,523,717,172,36,119
0148.04,7660,30.73,1910,2889,5306,2354,22,238,271,1785,38,36,119
0148.05,4107,18.87,1164,1439,3332,775,0,60,119,472,124,36,119
0148.06,6770,17.49,1885,2287,5586,1184,82,280,133,563,126,36,119
0148.08,3525,18.13,926,1191,2886,639,0,252,57,296,34,36,119
0148.09,6531,23.30,1612,2276,5009,1522,0,475,373,596,78,36,119
0148.10,2182,13.98,565,1142,1877,305,0,113,27,138,27,36,119
0148.11,5971,17.97,1587,1829,4898,1073,0,118,160,695,100,36,119
0149.01,6469,13.48,1695,2001,5597,872,0,249,11,548,64,36,119
0149.03,4511,8.69,1420,2209,4119,392,39,181,18,154,0,36,119
0149.07,4208,19.63,1026,1319,3382,826,11,187,169,458,1,36,119
0149.08,3113,11.21,862,937,2764,349,0,137,2,168,42,36,119
0149.09,2772,10.50,778,1156,2481,291,0,142,0,149,0,36,119
0150.00,5182,14.43,1409,1880,4434,748,0,57,99,480,112,36,119
9810.00,2103,69.57,91,277,640,1463,8,419,622,404,10,36,119
9820.00,1775,83.89,0,0,286,1489,0,48,1187,245,9,36,119
9830.00,1471,67.23,0,0,482,989,36,6,620,240,87,36,119
9840.00,287,41.81,40,75,167,120,0,0,80,40,0,36,119
9850.00,2445,38.77,0,0,1497,948,4,127,333,433,51,36,119
8067.11,5103,89.01,1196,1949,561,4542,67,214,3682,478,101,24,033
8067.12,3613,92.53,875,1349,270,3343,0,257,2744,214,128,24,033
8067.13,3837,91.32,731,1182,333,3504,0,130,2126,1057,191,24,033
8067.14,3785,92.73,814,1153,275,3510,0,31,1748,1613,118,24,033
8068.00,4129,55.46,829,1210,1839,2290,13,333,635,1205,104,24,033
8069.00,4406,62.57,895,1326,1649,2757,18,465,740,1301,233,24,033
8070.00,6372,53.11,781,2486,2988,3384,0,913,1492,815,164,24,033
8071.02,2483,32.38,509,836,1679,804,7,71,338,380,8,24,033
8072.00,14953,36.21,150,811,9538,5415,12,2287,1980,691,445,24,033
8073.01,3644,67.97,839,1330,1167,2477,0,848,1145,442,42,24,033
8073.04,1968,78.15,475,603,430,1538,5,113,544,818,58,24,033
8073.05,3503,87.35,770,1070,443,3060,0,554,1251,1198,57,24,033
8074.04,5091,70.48,1120,1670,1503,3588,5,677,1287,1515,104,24,033
8074.05,6240,54.94,1543,2057,2812,3428,0,933,1281,1100,114,24,033
8074.07,6561,82.24,1439,2117,1165,5396,0,1107,2382,1727,180,24,033
8074.08,5677,54.43,1366,2339,2587,3090,53,648,1593,408,388,24,033
8074.09,4063,90.67,828,1197,379,3684,0,360,1593,1484,247,24,033
8074.10,4528,90.53,947,1470,429,4099,6,175,2613,1132,173,24,033
0101.00,4164,12.42,1131,1703,3647,517,292,5,12,125,83,53,025
0102.00,2879,14.28,715,994,2468,411,0,8,4,381,18,53,025
0103.00,4172,21.26,1064,1832,3285,887,77,17,21,675,97,53,025
0104.00,8170,25.97,2168,2951,6048,2122,76,211,0,1637,198,53,025
0105.00,3462,47.83,810,987,1806,1656,0,7,17,1585,47,53,025
0106.00,7209,79.18,1615,2038,1501,5708,106,18,0,5584,0,53,025
0107.00,2872,47.14,787,947,1518,1354,113,13,1,1152,75,53,025
0108.00,4597,43.55,927,1427,2595,2002,54,42,92,1623,191,53,025
0109.01,1318,30.35,311,453,918,400,0,25,0,357,18,53,025
0109.02,10250,34.60,2649,3802,6704,3546,77,48,257,2753,411,53,025
0110.00,11893,30.87,3107,4049,8222,3671,18,425,42,3002,184,53,025
0111.00,6779,34.03,1628,2748,4472,2307,0,42,109,2128,28,53,025
0112.00,5287,19.20,1307,1886,4272,1015,47,0,1,900,67,53,025
0113.00,3881,66.01,957,1176,1319,2562,0,36,0,2507,19,53,025
0114.01,2283,55.54,540,622,1015,1268,0,6,0,1245,17,53,025
0114.02,12854,86.42,2310,2743,1745,11109,10,66,5,10891,137,53,025
0993.10,4534,22.52,1041,1931,3513,1021,23,325,0,474,199,06,059
0993.11,3635,19.78,902,1708,2916,719,14,100,36,460,109,06,059
0994.02,9454,85.53,1652,2053,1368,8086,213,358,35,7444,36,06,059
0994.04,4473,24.52,1207,1624,3376,1097,58,311,76,467,185,06,059
0994.05,4409,27.13,1113,1600,3213,1196,0,337,56,455,348,06,059
0994.06,4654,34.55,1133,1676,3046,1608,25,713,111,653,106,06,059
0994.07,2491,40.02,569,947,1494,997,33,382,28,418,136,06,059
0994.08,4427,37.16,1228,1623,2782,1645,2,657,68,710,208,06,059
0994.10,4643,50.64,1153,1661,2292,2351,0,676,152,1359,164,06,059
0994.11,5348,49.74,1194,1937,2688,2660,0,805,40,1745,70,06,059
0994.12,4942,32.78,1244,1841,3322,1620,87,502,36,791,204,06,059
0994.13,8074,35.45,1879,3428,5212,2862,0,1418,8,1244,192,06,059
0994.15,5701,24.10,1656,1940,4327,1374,8,632,11,567,156,06,059
0994.16,4678,28.86,1031,2116,3328,1350,24,95,0,926,305,06,059
0994.17,4335,28.77,1061,1916,3088,1247,0,516,15,514,202,06,059
0995.02,589,47.54,140,183,309,280,8,15,35,173,49,06,059
0995.04,2787,23.29,769,986,2138,649,7,220,0,331,91,06,059
0995.06,975,25.54,245,490,726,249,21,24,0,172,32,06,059
0995.08,4760,41.58,1167,1932,2781,1979,0,592,51,957,379,06,059
0995.09,3564,23.01,873,2372,2744,820,10,532,6,248,24,06,059
0995.10,4413,23.79,895,3208,3363,1050,0,513,72,339,126,06,059
0995.11,3111,27.68,726,1648,2250,861,0,115,0,618,128,06,059
0995.12,3063,23.83,713,1418,2333,730,0,158,66,425,81,06,059
0995.13,2346,28.90,672,1148,1668,678,0,233,21,280,144,06,059
0995.14,4888,28.23,1451,2260,3508,1380,0,898,21,376,85,06,059
0996.01,7026,83.52,1646,1993,1158,5868,32,3617,120,1848,251,06,059
0996.02,3360,41.10,806,1050,1979,1381,0,656,17,557,151,06,059
0996.03,6696,41.16,1854,2258,3940,2756,0,1502,47,1082,125,06,059
0996.04,3827,37.89,991,1183,2377,1450,16,413,0,923,98,06,059
0996.05,3708,38.08,1033,1298,2296,1412,75,623,0,599,115,06,059
0997.01,6644,85.96,1393,1762,933,5711,107,4288,0,1204,112,06,059
0997.02,8151,82.30,1694,2457,1443,6708,21,4358,5,2131,193,06,059
0997.03,5281,61.86,1334,1766,2014,3267,0,2564,22,554,127,06,059
0998.01,6158,83.48,1203,1558,1017,5141,0,2935,59,2147,0,06,059
0998.02,4747,80.30,994,1771,935,3812,78,2238,14,1448,34,06,059
0998.03,5554,79.47,1291,1746,1140,4414,115,2876,10,1357,56,06,059
0999.02,4530,58.45,999,1251,1882,2648,0,1223,63,1124,238,06,059
0999.03,5993,82.90,1286,1573,1025,4968,0,2610,103,2157,98,06,059
0999.04,6830,83.51,1533,1964,1126,5704,0,2911,17,2564,212,06,059
0999.05,4102,63.87,967,1282,1482,2620,0,884,18,1618,100,06,059
0999.06,5109,50.93,1351,1615,2507,2602,14,1012,199,865,512,06,059
1100.01,4513,32.82,1292,1502,3032,1481,0,587,105,682,107,06,059
1100.03,3358,48.78,746,1136,1720,1638,33,567,42,873,123,06,059
1100.04,5083,35.84,1300,1670,3261,1822,0,745,227,634,216,06,059
1100.05,3102,32.14,840,1104,2105,997,0,316,0,516,165,06,059
1100.06,3146,31.82,870,1115,2145,1001,0,435,122,351,93,06,059
1100.07,4685,21.39,1381,1632,3683,1002,0,458,0,425,119,06,059
1100.08,4309,27.62,1133,1641,3119,1190,20,400,0,591,179,06,059
1100.10,5116,53.05,1259,1435,2402,2714,0,1413,143,996,162,06,059
1100.11,2936,53.37,839,1089,1369,1567,0,903,71,484,109,06,059
1100.12,5113,30.78,1487,1880,3539,1574,0,708,28,682,156,06,059
1100.14,5002,56.02,1257,1777,2200,2802,0,771,96,1571,364,06,059
1100.15,3505,28.70,932,1167,2499,1006,0,214,32,537,223,06,059
1101.02,5679,64.98,1496,1816,1989,3690,0,2574,131,788,197,06,059
1101.04,5690,64.53,1531,1825,2018,3672,11,2143,140,1178,200,06,059
1101.06,3917,56.29,998,1224,1712,2205,0,1042,233,805,125,06,059
1101.08,2805,54.65,816,1039,1272,1533,53,497,132,599,252,06,059
1101.09,5208,56.16,1334,1760,2283,2925,9,1616,267,768,265,06,059
1101.10,5751,65.24,1469,1779,1999,3752,80,1567,105,1698,302,06,059
1101.11,6137,67.56,1492,1933,1991,4146,0,2250,389,1319,188,06,059
1101.13,2386,54.86,554,708,1077,1309,34,609,102,427,137,06,059
1101.14,4707,44.25,1253,1494,2624,2083,0,997,55,889,142,06,059
1101.15,3532,77.01,909,1197,812,2720,87,1601,460,512,60,06,059
1101.16,5031,73.44,1245,1447,1336,3695,0,2499,285,835,76,06,059
1101.17,6126,53.41,1636,2120,2854,3272,16,2058,301,835,62,06,059
1101.18,2611,72.08,699,761,729,1882,0,1490,124,233,35,06,059
1102.01,7752,65.63,1812,2533,2664,5088,0,2537,461,1875,215,06,059
1102.02,7578,70.24,1775,2268,2255,5323,28,2769,191,2150,185,06,059
1102.03,5095,50.11,1229,1619,2542,2553,0,957,101,1288,207,06,059
1103.01,7646,68.69,1732,2161,2394,5252,25,2516,280,2268,163,06,059
1103.02,5636,72.76,1367,1563,1535,4101,0,1395,27,2582,97,06,059
1103.03,4851,63.86,1194,1477,1753,3098,0,934,70,1899,195,06,059
1103.04,4466,65.14,1051,1333,1557,2909,6,1455,159,1080,209,06,059
1104.01,5386,68.99,1181,1341,1670,3716,0,1285,60,2256,115,06,059
1104.02,5578,76.60,1166,1332,1305,4273,0,1129,38,2965,141,06,059
1105.00,8383,81.36,1990,2402,1563,6820,53,1577,696,4418,76,06,059
1106.03,9194,83.69,2208,2458,1500,7694,0,1397,1067,5175,55,06,059
1106.04,7750,71.63,1941,2501,2199,5551,0,4077,114,1254,106,06,059
1106.05,6487,80.68,1694,2077,1253,5234,0,4392,14,628,200,06,059
1106.06,4699,92.42,950,1161,356,4343,0,1208,431,2693,11,06,059
1106.07,4530,73.73,1019,1334,1190,3340,10,1997,67,1147,119,06,059
9800.00,30,100.00,0,0,0,30,0,6,0,9,15,06,059
9901.00,0,0.00,0,0,0,0,0,0,0,0,0,06,059
0141.01,3587,58.32,732,1833,1495,2092,0,865,160,1042,25,34,017
0141.02,4925,73.44,1294,2197,1308,3617,43,190,269,2917,198,34,017
0142.00,6575,90.65,1453,2062,615,5960,0,617,109,5234,0,34,017
0143.00,6190,83.13,1557,1939,1044,5146,0,149,62,4894,41,34,017
0144.00,7764,82.46,1898,2389,1362,6402,0,411,130,5612,249,34,017
0145.01,7531,82.57,1614,2080,1313,6218,0,120,42,5971,85,34,017
0145.02,2952,74.70,662,1739,747,2205,0,34,18,2145,8,34,017
0146.00,3757,89.25,835,1037,404,3353,0,322,60,2921,50,34,017
0147.00,5173,89.48,1223,1631,544,4629,15,206,71,4292,45,34,017
0148.00,5833,85.03,1390,2104,873,4960,0,268,265,4411,16,34,017
0149.00,3159,91.36,765,935,273,2886,0,347,17,2456,66,34,017
0150.01,2095,60.24,589,1093,833,1262,29,603,44,537,49,34,017
0150.02,5785,90.08,1347,2214,574,5211,51,315,319,4440,86,34,017
0151.00,3715,85.92,812,1079,523,3192,0,153,94,2932,13,34,017
0152.01,2809,52.76,715,1473,1327,1482,21,909,162,390,0,34,017
0152.02,6211,80.33,1572,2339,1222,4989,0,327,202,4050,410,34,017
0153.00,4287,90.13,1047,1609,423,3864,0,104,83,3671,6,34,017
0155.00,5459,94.67,1044,1699,291,5168,0,107,100,4927,34,34,017
0156.00,4305,91.20,1028,1441,379,3926,0,0,0,3902,24,34,017
0157.00,3725,92.86,924,1174,266,3459,0,77,1,3381,0,34,017
0158.01,2903,49.16,639,1547,1476,1427,0,852,103,443,29,34,017
0158.02,5993,91.37,1432,2608,517,5476,0,35,59,5263,119,34,017
0159.00,5766,91.68,1234,1800,480,5286,0,62,23,5157,44,34,017
0160.00,3345,93.72,783,1180,210,3135,0,94,26,2999,16,34,017
0161.00,3681,96.36,732,1087,134,3547,0,50,60,3437,0,34,017
0162.00,4810,97.01,1111,1502,144,4666,0,147,44,4427,48,34,017
0163.00,4892,94.32,1143,1673,278,4614,0,166,63,4364,21,34,017
0164.00,4034,89.84,942,1323,410,3624,0,32,33,3529,30,34,017
0165.00,4413,82.48,920,1575,773,3640,0,228,118,3263,31,34,017
0166.00,4425,88.88,995,1396,492,3933,0,152,124,3657,0,34,017
0167.00,1616,80.88,390,554,309,1307,0,60,0,1247,0,34,017
0168.00,3483,92.56,817,1095,259,3224,0,54,45,3125,0,34,017
0169.00,3678,88.93,827,1190,407,3271,0,74,12,3185,0,34,017
0170.00,4861,90.58,1125,1683,458,4403,0,190,82,4089,42,34,017
0171.00,5270,90.87,1303,1794,481,4789,0,135,34,4574,46,34,017
0172.00,3024,87.60,728,1033,375,2649,0,41,69,2539,0,34,017
0173.00,2585,77.76,640,1034,575,2010,0,141,25,1844,0,34,017
0174.00,2725,90.86,639,936,249,2476,0,4,27,2392,53,34,017
0175.00,4055,91.34,1000,1278,351,3704,0,243,61,3365,35,34,017
0176.00,3194,93.02,712,997,223,2971,0,171,57,2730,13,34,017
0177.00,1897,89.51,419,744,199,1698,0,96,69,1524,9,34,017
0178.00,6013,86.96,1307,2135,784,5229,0,319,53,4834,23,34,017
0179.00,1973,45.36,482,935,1078,895,0,646,47,153,49,34,017
0180.00,4351,59.48,1026,1747,1763,2588,0,289,130,2091,78,34,017
0181.00,2726,67.02,774,1211,899,1827,0,207,122,1491,7,34,017
0182.00,4165,47.59,929,1825,2183,1982,0,288,212,1428,54,34,017
0183.01,2336,24.96,596,1073,1753,583,0,356,9,151,67,34,017
0183.02,3607,26.25,829,1806,2660,947,0,578,43,214,112,34,017
0184.00,5460,23.52,1003,2336,4176,1284,0,135,11,1002,136,34,017
0185.00,6299,19.08,1165,2853,5097,1202,0,377,83,729,13,34,017
0186.00,2406,29.22,422,1131,1703,703,0,247,6,368,82,34,017
0187.01,2753,21.47,284,712,2162,591,6,179,183,158,65,34,017
0187.02,4367,33.09,854,2155,2922,1445,0,433,50,919,43,34,017
0188.00,3234,18.61,519,1698,2632,602,0,291,53,226,32,34,017
0189.00,3803,22.17,751,1757,2960,843,0,291,14,411,127,34,017
0190.00,4916,59.91,909,2072,1971,2945,0,224,587,2091,43,34,017
0191.00,3483,31.98,555,1882,2369,1114,0,310,57,649,98,34,017
0192.00,4106,26.28,880,1949,3027,1079,0,714,14,231,120,34,017
0193.00,2845,25.20,498,1620,2128,717,0,196,36,415,70,34,017
0194.00,2837,24.67,407,1535,2137,700,0,156,29,396,119,34,017
0198.00,5902,44.93,1637,2245,3250,2652,25,1386,26,934,281,34,017
0199.00,4980,50.28,1342,2144,2476,2504,0,1650,47,700,107,34,017
0200.00,5713,54.75,1184,1712,2585,3128,0,1079,379,1320,350,34,017
0201.00,1575,69.97,449,650,473,1102,0,739,39,321,3,34,017
0324.00,7057,94.70,1609,2291,374,6683,0,26,32,6533,92,34,017
9801.00,0,0.00,0,0,0,0,0,0,0,0,0,34,017
3836.00,6082,33.99,1479,2398,4015,2067,89,510,656,723,89,25,017
3837.00,5468,13.30,1524,2063,4741,727,0,227,67,352,81,25,017
3838.00,5192,20.09,1488,2168,4149,1043,15,386,103,489,50,25,017
3839.01,7933,15.06,2269,3106,6738,1195,1,361,463,195,175,25,017
3839.02,5347,18.85,1662,1880,4339,1008,0,560,208,157,83,25,017
3840.01,1575,29.02,400,560,1118,457,0,106,36,136,179,25,017
3840.02,6031,36.13,1509,2947,3852,2179,0,1293,377,253,256,25,017
3851.00,6807,18.69,1777,2425,5535,1272,0,452,209,513,98,25,017
3852.01,2417,9.06,678,1047,2198,219,0,90,21,90,18,25,017
3852.02,7935,18.24,2297,3124,6488,1447,0,891,247,178,131,25,017
3861.00,4245,7.14,1263,1461,3942,303,0,149,0,80,74,25,017
3871.00,4215,9.37,1158,1533,3820,395,0,120,71,99,105,25,017
3872.01,5900,11.76,1603,2124,5206,694,0,323,74,218,79,25,017
3872.02,4082,8.89,1169,1380,3719,363,0,107,0,173,83,25,017
3881.00,5137,23.03,1375,2101,3954,1183,0,997,22,74,90,25,017
3882.00,7436,34.05,1541,2331,4904,2532,3,236,660,1224,409,25,017
3883.00,6657,59.97,852,1868,2665,3992,3,1003,414,2174,398,25,017
9800.00,0,0.00,0,0,0,0,0,0,0,0,0,25,017
0100.12,4572,53.57,1176,1361,2123,2449,67,0,269,2021,92,06,071
0100.13,7575,62.63,1787,2312,2831,4744,58,19,313,4271,83,06,071
0100.14,5354,77.68,1050,1325,1195,4159,9,105,283,3687,75,06,071
0100.15,6003,60.92,1343,1677,2346,3657,0,38,299,3256,64,06,071
0100.16,6017,69.54,1216,1551,1833,4184,0,74,528,3518,64,06,071
0100.17,14917,62.57,3590,4065,5584,9333,678,228,1161,7053,213,06,071
0100.18,7346,63.68,1695,2022,2668,4678,21,313,633,3664,47,06,071
0100.19,5274,59.90,1199,1452,2115,3159,0,60,126,2960,13,06,071
0100.20,7793,65.48,1736,2530,2690,5103,0,73,1290,3473,267,06,071
0100.21,6275,48.76,1645,2019,3215,3060,83,340,0,2581,56,06,071
0100.22,4235,39.93,986,1407,2544,1691,0,0,25,1537,129,06,071
0100.23,6127,52.24,1436,1738,2926,3201,0,110,108,2800,183,06,071
0100.24,5459,40.21,1422,1706,3264,2195,0,54,128,1954,59,06,071
0100.25,7847,70.19,1616,2183,2339,5508,12,326,1298,3764,108,06,071
0100.26,11122,69.99,2271,3347,3338,7784,17,1369,1663,4564,171,06,071
0103.00,3100,38.39,659,1168,1910,1190,8,164,81,841,96,06,071
0104.02,9617,42.37,1538,1703,5542,4075,104,384,693,2290,604,06,071
0104.09,2742,32.28,609,1262,1857,885,14,62,225,554,30,06,071
0104.10,3081,23.27,812,1249,2364,717,32,54,78,510,43,06,071
0104.11,7153,31.40,1706,2781,4907,2246,35,236,580,1187,208,06,071
0104.12,7665,22.58,1893,3007,5934,1731,109,84,74,1311,153,06,071
0104.13,6259,40.68,1389,2607,3713,2546,116,87,153,1948,242,06,071
0104.15,5902,31.16,1579,2108,4063,1839,17,337,448,795,242,06,071
0104.16,3459,28.10,735,1553,2487,972,66,102,59,669,76,06,071
0104.17,2938,22.60,646,1425,2274,664,0,5,2,639,18,06,071
0104.19,4463,25.03,1083,1825,3346,1117,4,55,55,933,70,06,071
0104.20,3962,28.82,835,1708,2820,1142,46,157,108,720,111,06,071
0104.21,6212,59.63,1613,2517,2508,3704,57,190,790,2214,453,06,071
0104.22,1399,30.16,393,551,977,422,36,69,12,251,54,06,071
0104.23,3590,22.14,898,1498,2795,795,83,119,32,530,31,06,071
0104.24,1633,11.33,384,778,1448,185,0,0,4,144,37,06,071
0107.00,4000,34.63,972,1690,2615,1385,193,84,51,874,183,06,071
0108.02,4991,21.76,1109,1955,3905,1086,51,63,98,607,267,06,071
0108.03,2493,19.25,676,1105,2013,480,0,9,30,396,45,06,071
0108.04,2868,33.54,739,1141,1906,962,0,64,25,845,28,06,071
0109.01,5119,23.58,1294,1879,3912,1207,38,60,17,940,152,06,071
0109.02,3421,23.21,925,1219,2627,794,0,47,0,614,133,06,071
0110.01,2122,42.79,532,777,1214,908,0,31,3,734,140,06,071
0110.02,1540,53.31,421,516,719,821,2,30,44,714,31,06,071
0111.01,3565,24.29,935,1385,2699,866,0,87,54,664,61,06,071
0111.02,2176,19.67,519,908,1748,428,46,14,66,233,69,06,071
0112.03,1344,22.25,369,555,1045,299,11,53,5,230,0,06,071
0112.04,1341,17.00,334,627,1113,228,0,52,75,101,0,06,071
0112.05,1521,38.33,336,643,938,583,0,53,7,495,28,06,071
0112.06,1056,30.97,256,471,729,327,0,0,41,272,14,06,071
0113.00,1369,21.55,382,622,1074,295,0,23,0,272,0,06,071
0114.01,4813,27.16,1166,1878,3506,1307,24,53,0,1187,43,06,071
0114.03,3597,21.43,905,1478,2826,771,0,75,0,680,16,06,071
0114.04,4140,17.80,1058,1625,3403,737,43,26,4,598,66,06,071
0115.00,1885,18.20,486,718,1542,343,0,21,41,247,34,06,071
0116.00,8051,29.66,2287,2727,5663,2388,35,185,381,1735,52,06,071
0117.00,1535,53.16,320,466,719,816,27,0,29,738,22,06,071
0118.00,7200,62.44,1701,2214,2704,4496,29,70,586,3433,378,06,071
0119.00,3785,46.90,795,1145,2010,1775,0,80,75,1489,131,06,071
0120.01,6046,65.18,1397,1887,2105,3941,16,739,384,2634,168,06,071
0120.02,5446,65.00,1406,1884,1906,3540,109,312,365,2605,149,06,071
0121.01,5238,50.67,1437,1959,2584,2654,122,212,565,1657,98,06,071
0121.03,3918,31.04,910,1414,2702,1216,41,25,34,846,270,06,071
0121.04,5145,33.53,1173,1635,3420,1725,77,0,101,1503,44,06,071
0122.00,13471,78.46,672,690,2902,10569,217,1833,2136,4748,1635,06,071
0123.00,3841,63.89,0,0,1387,2454,45,134,916,1150,209,06,071
0124.00,3412,87.13,719,889,439,2973,0,82,138,2701,52,06,071
0125.00,4651,94.88,1009,1247,238,4413,0,0,283,4101,29,06,071
0127.00,4074,72.68,1009,1349,1113,2961,0,402,412,2073,74,06,071
0250.00,9238,49.94,2098,2337,4625,4613,21,717,1185,2100,590,06,071
0251.00,1369,57.93,303,633,576,793,474,23,21,232,43,06,071
9401.00,1247,21.41,361,697,980,267,67,0,0,148,52,06,071
9801.00,0,0.00,0,0,0,0,0,0,0,0,0,06,071
9802.00,4444,84.77,0,0,677,3767,153,196,1099,2177,142,06,071
7056.02,4687,29.70,892,2643,3295,1392,0,658,65,545,124,24,031
7057.01,4501,17.33,1260,1737,3721,780,0,287,203,226,64,24,031
7057.02,4746,11.90,1311,1769,4181,565,0,109,0,407,49,24,031
7058.00,6227,15.08,1663,2286,5288,939,0,459,114,131,235,24,031
7059.01,4077,25.90,1166,1418,3021,1056,0,426,120,360,150,24,031
7059.02,4179,33.38,1242,1489,2784,1395,0,771,140,257,227,24,031
7059.03,4387,26.24,1275,1540,3236,1151,0,700,32,251,168,24,031
7060.05,4816,32.23,1330,1652,3264,1552,0,908,40,494,110,24,031
7060.07,7595,39.59,2126,2373,4588,3007,0,1821,505,523,158,24,031
7060.08,5070,24.58,1542,1729,3824,1246,0,1008,17,167,54,24,031
7060.09,5359,23.18,1620,1887,4117,1242,0,665,149,312,116,24,031
7060.10,2971,44.13,836,1065,1660,1311,6,465,600,60,180,24,031
7060.11,5077,34.82,1521,1800,3309,1768,18,912,269,351,218,24,031
7060.12,3201,51.36,676,1705,1557,1644,0,691,377,479,97,24,031
7060.13,3061,34.40,851,940,2008,1053,0,397,25,554,77,24,031
0042.00,1304,73.77,291,333,342,962,1,7,31,916,7,06,029
0043.01,7884,93.01,1777,1963,551,7333,30,73,206,7024,0,06,029
0043.02,5851,77.51,0,0,1316,4535,54,109,1271,2953,148,06,029
0044.01,7489,84.74,1688,2052,1143,6346,0,0,156,6128,62,06,029
0044.02,5062,93.46,996,1248,331,4731,1,8,118,4604,0,06,029
0045.00,3412,93.49,711,827,222,3190,2,4,2,3182,0,06,029
0046.01,4210,79.93,0,0,845,3365,21,111,1115,1986,132,06,029
0046.03,2337,79.08,0,0,489,1848,16,56,473,1242,61,06,029
0046.04,13528,94.76,2558,2682,709,12819,32,1870,341,10514,62,06,029
0047.01,9412,95.65,1867,2003,409,9003,0,27,177,8761,38,06,029
0047.02,4075,99.34,885,924,27,4048,8,0,0,3903,137,06,029
0048.00,10593,97.69,2425,2760,245,10348,0,508,127,9713,0,06,029
0049.01,5288,95.76,1162,1355,224,5064,10,1117,0,3876,61,06,029
0049.02,8825,97.14,1891,2015,252,8573,52,1802,17,6628,74,06,029
0050.03,3609,95.68,782,956,156,3453,0,333,214,2906,0,06,029
0050.04,7433,93.96,1668,2024,449,6984,14,980,140,5755,95,06,029
0051.03,2494,21.33,665,1042,1962,532,0,63,0,314,155,06,029
0051.04,3781,26.02,1148,1508,2797,984,0,141,92,604,147,06,029
0052.01,5178,10.72,1489,2664,4623,555,9,67,6,446,27,06,029
0052.03,4762,11.47,1178,1994,4216,546,325,0,0,139,82,06,029
0052.04,5625,22.28,1490,2711,4372,1253,211,0,15,891,136,06,029
0053.00,2021,34.93,436,590,1315,706,0,32,32,582,60,06,029
0054.01,6544,34.31,1708,2652,4299,2245,73,514,71,1425,162,06,029
0054.02,5239,21.87,1342,1983,4093,1146,0,186,66,847,47,06,029
0054.03,8226,37.54,1753,3336,5138,3088,83,1094,302,1436,173,06,029
0054.04,7219,38.20,1835,2730,4461,2758,0,143,692,1238,685,06,029
0055.01,6013,20.59,1652,2580,4775,1238,35,32,434,584,153,06,029
0055.06,5267,43.90,1479,1820,2955,2312,17,158,48,1701,388,06,029
0055.07,7165,54.43,2093,2882,3265,3900,0,267,1677,1676,280,06,029
0055.08,4549,49.92,1264,1577,2278,2271,14,77,624,1332,224,06,029
0056.00,2326,37.49,569,846,1454,872,22,66,305,389,90,06,029
0057.00,2617,28.16,678,697,1880,737,0,60,289,213,175,06,029
0058.01,6897,54.44,1575,1949,3142,3755,13,298,1019,2143,282,06,029
0058.02,8252,63.63,1780,2645,3001,5251,92,295,1083,3372,409,06,029
0059.00,3789,71.52,841,1373,1079,2710,0,48,442,2172,48,06,029
0060.02,4783,58.23,0,0,1998,2785,97,85,667,1857,79,06,029
0060.03,5739,29.60,1475,2030,4040,1699,0,51,55,1512,81,06,029
0060.04,1542,26.59,417,670,1132,410,41,0,5,311,53,06,029
0060.06,3395,18.14,955,1292,2779,616,0,29,40,448,99,06,029
0060.07,5774,23.22,1621,2143,4433,1341,0,152,13,1176,0,06,029
0060.08,5638,14.49,1809,2391,4821,817,9,132,64,342,270,06,029
0061.00,8357,43.19,2073,3001,4748,3609,31,129,356,2845,248,06,029
0062.01,3163,75.56,644,741,773,2390,0,16,0,2352,22,06,029
0062.02,7418,94.86,1357,1466,381,7037,5,102,9,6877,44,06,029
0063.01,4415,88.56,859,1025,505,3910,17,46,56,3787,4,06,029
0063.03,6567,94.23,1422,1562,379,6188,0,0,98,6055,35,06,029
0063.04,4073,93.67,873,965,258,3815,0,13,10,3779,13,06,029
0064.01,8491,95.18,1788,1992,409,8082,0,162,0,7896,24,06,029
0064.03,6565,95.29,1269,1460,309,6256,28,74,0,6154,0,06,029
0064.04,3213,96.20,702,829,122,3091,0,16,8,3047,20,06,029
0065.00,3667,49.20,621,969,1863,1804,0,91,304,1264,145,06,029
4166.00,5531,21.32,1167,2616,4352,1179,0,116,264,701,98,36,059
4167.01,4404,33.02,1087,1617,2950,1454,21,197,98,973,165,36,059
4167.02,4137,29.90,837,2331,2900,1237,0,364,140,562,171,36,059
4168.01,2195,20.82,599,791,1738,457,0,105,91,157,104,36,059
4168.02,3762,4.86,843,2032,3579,183,0,30,0,153,0,36,059
4169.00,3871,7.34,1149,1576,3587,284,0,8,3,273,0,36,059
5170.00,3415,19.06,888,1182,2764,651,0,140,146,344,21,36,059
5171.01,5330,55.05,1246,1718,2396,2934,0,103,487,2154,190,36,059
5171.02,2323,19.20,604,736,1877,446,0,230,57,145,14,36,059
5172.00,8599,62.15,1949,3071,3255,5344,0,294,1306,3302,442,36,059
5173.01,2773,31.95,642,1103,1887,886,0,99,86,660,41,36,059
5173.02,4805,35.34,1245,1703,3107,1698,42,264,111,964,317,36,059
5174.00,5025,11.70,1454,1935,4437,588,0,80,155,237,116,36,059
5175.00,3770,14.35,1079,1405,3229,541,0,220,25,237,59,36,059
5176.00,4620,14.35,1297,1654,3957,663,0,151,125,303,84,36,059
5177.01,7853,27.85,2094,2426,5666,2187,0,1456,292,320,119,36,059
5177.05,2710,20.96,762,828,2142,568,0,357,68,139,4,36,059
5178.01,3349,13.23,946,1206,2906,443,7,177,46,195,18,36,059
5178.02,3270,18.44,878,1216,2667,603,0,12,97,490,4,36,059
5179.01,4917,10.03,1342,1678,4424,493,0,102,6,327,58,36,059
5179.02,2836,6.63,770,1088,2648,188,0,32,12,133,11,36,059
5180.00,6562,19.77,1591,2666,5265,1297,0,148,294,612,243,36,059
5181.00,2751,9.16,747,931,2499,252,0,34,0,190,28,36,059
5182.01,4323,14.04,1177,1377,3716,607,0,330,64,164,49,36,059
5182.03,4438,19.06,982,1322,3592,846,0,555,100,159,32,36,059
5182.04,4035,10.11,1205,1641,3627,408,0,256,50,70,32,36,059
5183.00,5675,27.38,1489,1907,4121,1554,0,1224,13,259,58,36,059
5184.00,4557,32.54,1266,1415,3074,1483,19,1006,25,281,152,36,059
5185.01,6488,37.13,1760,2285,4079,2409,0,2090,185,83,51,36,059
5185.02,3209,45.87,893,1103,1737,1472,0,1099,53,139,181,36,059
5186.00,4130,31.11,1245,1359,2845,1285,0,1142,0,73,70,36,059
5187.00,5455,35.45,1562,1850,3521,1934,13,1563,99,224,35,36,059
5188.00,3470,33.08,950,1055,2322,1148,0,879,33,139,97,36,059
5189.00,6976,53.00,1832,2158,3279,3697,0,1655,1089,708,245,36,059
5190.00,6587,40.23,1669,2082,3937,2650,0,1427,236,765,222,36,059
5191.00,6057,36.75,1560,1950,3831,2226,18,1264,2,794,148,36,059
5192.00,6268,35.11,1605,1892,4067,2201,5,1226,35,793,142,36,059
5193.00,6064,54.19,1562,1983,2778,3286,0,1462,224,1418,182,36,059
5194.00,4249,23.77,994,1352,3239,1010,0,684,0,264,62,36,059
5195.00,6132,38.98,1596,1912,3742,2390,0,1357,3,761,269,36,059
5196.01,4480,27.12,1247,1445,3265,1215,0,907,4,276,28,36,059
5196.02,2026,9.23,630,697,1839,187,0,106,0,46,35,36,059
5197.02,5512,17.42,1480,1999,4552,960,0,625,166,169,0,36,059
5197.03,3451,22.31,1011,1187,2681,770,36,475,21,156,82,36,059
5197.04,3019,20.27,855,1103,2407,612,0,478,0,96,38,36,059
5198.01,2636,27.01,664,812,1924,712,8,405,0,283,16,36,059
5198.02,5075,19.47,1388,1640,4087,988,0,620,73,258,37,36,059
5199.00,5177,9.31,1446,1748,4695,482,0,234,74,162,12,36,059
5200.01,7008,11.93,1940,2537,6172,836,0,438,3,330,65,36,059
5200.02,4130,19.10,1050,1453,3341,789,0,315,3,392,79,36,059
5201.00,5252,8.70,1433,1804,4795,457,0,286,6,111,54,36,059
5202.00,3374,19.15,849,1008,2728,646,0,203,3,353,87,36,059
5203.00,5969,11.93,1588,1919,5257,712,0,70,14,501,127,36,059
5204.01,3785,30.22,998,1588,2641,1144,0,522,79,511,32,36,059
5204.02,4614,25.79,1211,1771,3424,1190,0,237,85,741,127,36,059
5205.01,3969,26.25,1018,1219,2927,1042,0,384,2,620,36,36,059
5205.02,5158,12.14,1315,1653,4532,626,0,122,178,262,64,36,059
5206.00,6003,23.95,1628,1919,4565,1438,0,271,157,885,125,36,059
5207.00,5120,8.61,1332,1649,4679,441,0,38,78,305,20,36,059
5208.00,3888,11.11,1046,1300,3456,432,0,143,1,287,1,36,059
5209.00,4615,8.19,1291,1495,4237,378,0,169,51,158,0,36,059
5210.00,5126,7.63,1321,1762,4735,391,0,52,0,298,41,36,059
5211.00,4862,7.20,1206,1535,4512,350,0,83,0,267,0,36,059
5212.00,3023,10.02,746,925,2720,303,0,42,76,152,33,36,059
5213.01,2172,11.69,592,717,1918,254,0,24,13,148,69,36,059
5213.02,5307,10.12,1461,1778,4770,537,0,77,0,441,19,36,059
5214.00,6764,9.30,1705,2095,6135,629,0,355,2,246,26,36,059
5215.00,4855,11.04,1229,1544,4319,536,0,58,21,426,31,36,059
5216.01,4377,5.39,1133,1346,4141,236,0,37,9,160,30,36,059
5216.02,3237,8.71,924,1084,2955,282,0,47,11,224,0,36,059
5217.00,4706,12.24,1236,1585,4130,576,0,69,14,468,25,36,059
5218.01,3735,11.57,1035,1224,3303,432,5,27,162,210,28,36,059
5218.02,4278,12.97,1037,1257,3723,555,0,94,50,382,29,36,059
5219.02,4085,7.42,1159,1362,3782,303,0,62,4,237,0,36,059
5220.00,7745,65.24,1768,2673,2692,5053,0,318,1568,2920,247,36,059
5227.00,5082,6.87,1401,1592,4733,349,0,13,1,317,18,36,059
9801.00,1042,36.85,0,0,658,384,0,110,118,110,46,36,059
9811.00,1233,44.36,0,0,686,547,0,74,228,167,78,36,059
9821.00,1334,53.30,0,0,623,711,18,143,273,187,90,36,059
9901.00,0,0.00,0,0,0,0,0,0,0,0,0,36,059
9902.00,0,0.00,0,0,0,0,0,0,0,0,0,36,059
9903.01,0,0.00,0,0,0,0,0,0,0,0,0,36,059
9903.02,0,0.00,0,0,0,0,0,0,0,0,0,36,059
9904.00,0,0.00,0,0,0,0,0,0,0,0,0,36,059
6006.01,2234,2.28,576,900,2183,51,0,0,9,20,22,42,007
6006.02,2688,4.28,774,1029,2573,115,0,25,27,40,23,42,007
6007.00,7763,3.70,2130,3165,7476,287,0,12,71,84,120,42,007
6010.00,3632,4.60,944,1566,3465,167,0,73,23,39,32,42,007
6011.00,3242,12.03,584,1031,2852,390,0,49,152,25,164,42,007
6012.00,2935,38.53,627,1176,1804,1131,0,0,869,8,254,42,007
6013.00,2591,27.87,563,968,1869,722,0,0,369,55,298,42,007
6014.00,3437,16.21,907,1524,2880,557,15,0,229,65,248,42,007
6016.00,1334,6.00,377,612,1254,80,12,0,35,14,19,42,007
6017.00,3406,2.29,1021,1320,3328,78,0,0,19,2,57,42,007
6018.00,7460,0.67,2017,3263,7410,50,0,45,5,0,0,42,007
6021.00,3610,21.94,847,1639,2818,792,0,0,655,48,89,42,007
6023.00,2442,7.66,557,1203,2255,187,0,95,25,37,30,42,007
6024.00,2025,5.43,554,933,1915,110,0,0,31,59,20,42,007
6025.00,1364,3.08,376,736,1322,42,5,0,27,9,1,42,007
6026.01,4929,5.52,1392,1828,4657,272,0,14,57,159,42,42,007
6026.02,3372,2.70,899,1304,3281,91,0,15,51,8,17,42,007
6027.01,1896,3.80,551,752,1824,72,2,9,8,45,8,42,007
6027.02,3573,2.21,1081,1436,3494,79,0,0,50,0,29,42,007
6028.00,2589,33.76,582,1013,1715,874,0,0,570,185,119,42,007
6029.00,2689,6.10,763,1004,2525,164,0,0,0,53,111,42,007
6030.00,3039,1.12,882,1192,3005,34,0,10,0,14,10,42,007
6032.02,7096,7.43,2031,2545,6569,527,0,16,221,170,120,42,007
6033.00,3814,5.64,1098,1698,3599,215,0,17,0,27,171,42,007
6034.00,1892,0.90,499,875,1875,17,0,3,14,0,0,42,007
6035.00,1621,13.94,422,613,1395,226,0,10,116,34,66,42,007
6036.00,2198,2.78,569,969,2137,61,0,0,23,23,15,42,007
6037.00,4075,7.83,1032,1857,3756,319,0,62,129,7,121,42,007
6038.01,2891,3.67,897,1148,2785,106,0,39,19,23,25,42,007
6038.02,3042,1.55,1031,1191,2995,47,0,24,0,23,0,42,007
6038.03,3256,3.75,995,1344,3134,122,0,24,41,57,0,42,007
6039.00,3154,1.74,853,1395,3099,55,0,0,31,24,0,42,007
6040.00,2642,30.62,665,1151,1833,809,23,21,387,75,303,42,007
6041.00,2779,30.05,655,1222,1944,835,0,60,614,58,103,42,007
6042.00,1510,24.37,386,810,1142,368,0,6,251,58,53,42,007
6045.00,2342,86.55,559,1045,315,2027,7,9,1933,51,27,42,007
6046.00,3104,20.59,858,1458,2465,639,0,3,591,16,29,42,007
6047.00,1506,24.57,435,691,1136,370,0,0,285,37,48,42,007
6048.00,4262,2.21,1157,1831,4168,94,0,0,61,27,6,42,007
6049.01,4227,11.33,980,1470,3748,479,0,44,217,167,51,42,007
6049.02,4524,2.54,1354,1911,4409,115,0,0,18,56,41,42,007
6050.01,2555,3.13,813,1024,2475,80,0,0,31,15,34,42,007
6050.02,3760,5.80,1131,1420,3542,218,0,48,10,74,86,42,007
6051.00,4849,1.77,1412,1907,4763,86,0,72,9,1,4,42,007
6052.00,2639,10.91,696,1108,2351,288,0,17,116,78,77,42,007
6053.00,3166,6.79,907,1345,2951,215,0,13,86,27,89,42,007
6054.00,3460,18.90,852,1571,2806,654,0,0,482,48,124,42,007
6055.00,5225,6.58,1450,2095,4881,344,0,57,253,26,8,42,007
6056.00,3318,8.08,884,1378,3050,268,0,0,96,94,78,42,007
6057.00,2344,38.44,580,962,1443,901,0,11,768,72,50,42,007
6058.00,6284,3.47,1798,2451,6066,218,0,75,37,3,103,42,007
0464.02,4570,50.39,1005,1471,2267,2303,18,129,29,1998,129,06,065
0464.03,7467,63.22,1492,2025,2746,4721,0,168,176,4229,148,06,065
0464.04,6427,60.31,1470,1813,2551,3876,1,318,452,2938,167,06,065
0464.05,3378,56.57,734,1020,1467,1911,0,92,9,1643,167,06,065
0465.00,7477,82.45,507,1294,1312,6165,0,2637,681,2316,531,06,065
0466.01,3713,74.71,141,204,939,2774,7,85,730,1436,516,06,065
0466.02,3784,33.06,942,1066,2533,1251,15,61,61,1050,64,06,065
0467.00,4246,79.60,923,1342,866,3380,6,49,701,2594,30,06,065
0468.00,6457,86.02,1310,1437,903,5554,25,485,1288,3713,43,06,065
0469.00,1672,62.50,388,617,627,1045,6,17,95,912,15,06,065
0470.00,1481,34.57,372,599,969,512,0,52,123,332,5,06,065
0472.01,2170,34.42,492,1122,1423,747,10,39,0,698,0,06,065
0472.02,1939,47.34,494,797,1021,918,0,15,40,845,18,06,065
0479.00,12895,49.90,3250,3626,6460,6435,1,1856,730,3216,632,06,065
0481.00,7020,48.38,1773,1977,3624,3396,0,1030,202,2071,93,06,065
0482.00,4279,62.02,984,1256,1625,2654,0,828,215,1525,86,06,065
0483.00,6776,85.80,1667,1772,962,5814,62,828,1736,3119,69,06,065
0487.00,4215,77.89,881,1135,932,3283,0,582,642,2032,27,06,065
0488.00,4576,86.87,968,1124,601,3975,0,259,1119,2528,69,06,065
0489.01,4360,74.20,873,976,1125,3235,0,231,223,2666,115,06,065
0489.02,8109,86.40,1611,1873,1103,7006,0,213,1202,5455,136,06,065
0490.00,9587,81.78,1942,2115,1747,7840,25,1042,3095,3590,88,06,065
0491.00,5146,49.90,1400,2194,2578,2568,41,245,2,2195,85,06,065
0494.00,3215,46.75,805,1396,1712,1503,0,0,0,1503,0,06,065
0495.00,7987,93.89,1790,2171,488,7499,0,58,96,7209,136,06,065
0496.00,7849,49.09,1815,2467,3996,3853,171,798,421,1949,514,06,065
0497.00,8825,32.62,1999,2602,5946,2879,0,581,143,1738,417,06,065
0498.00,4047,48.28,968,1376,2093,1954,0,276,84,1266,328,06,065
0503.00,10742,63.14,2463,2684,3960,6782,42,1331,1632,2785,992,06,065
0504.00,10671,53.80,2539,3074,4930,5741,0,994,500,4060,187,06,065
0505.00,14780,57.27,3100,4086,6316,8464,96,1537,874,5481,476,06,065
0506.00,7341,28.66,1615,2260,5237,2104,24,160,223,1267,430,06,065
0507.00,12359,60.18,2867,3308,4921,7438,171,1097,1603,3630,937,06,065
0509.00,4768,65.71,965,1658,1635,3133,16,667,449,1725,276,06,065
0511.00,6565,87.77,1361,1709,803,5762,0,334,1818,3477,133,06,065
0512.00,4017,54.57,1017,1475,1825,2192,0,175,71,1774,172,06,065
0513.00,9424,54.66,2023,2745,4273,5151,158,405,358,3975,255,06,065
0514.00,6826,7.03,2278,4099,6346,480,0,63,187,141,89,06,065
9401.00,162,11.11,54,99,144,18,18,0,0,0,0,06,065
9404.00,6241,98.57,1302,1512,89,6152,22,0,7,6123,0,06,065
9405.00,2071,10.82,469,1208,1847,224,3,55,19,115,32,06,065
9406.00,3142,18.56,972,1584,2559,583,34,129,28,289,103,06,065
9407.00,2551,24.38,536,1419,1929,622,19,88,34,413,68,06,065
9408.00,2606,12.24,541,1610,2287,319,20,63,33,173,30,06,065
9409.00,1888,15.10,451,1020,1603,285,10,23,37,172,43,06,065
9410.00,3736,17.32,739,2286,3089,647,27,71,40,459,50,06,065
9411.00,1766,7.76,457,1098,1629,137,1,21,3,88,24,06,065
9412.00,2096,26.15,468,1136,1548,548,9,43,77,363,56,06,065
9413.00,3322,33.23,636,1700,2218,1104,21,118,182,724,59,06,065
9414.00,3678,47.93,648,1869,1915,1763,18,186,206,1303,50,06,065
9415.00,4745,46.17,1100,1453,2554,2191,355,183,191,1316,146,06,065
9800.04,0,0.00,0,0,0,0,0,0,0,0,0,06,065
9810.00,6742,83.27,0,0,1128,5614,33,271,1617,3406,287,06,065
0001.01,6610,44.11,1313,2413,3694,2916,22,353,165,2326,50,06,083
0001.02,5442,37.71,1327,2164,3390,2052,0,371,2,1479,200,06,083
0001.03,2995,13.62,901,1192,2587,408,0,59,0,259,90,06,083
0002.00,3816,28.12,854,1939,2743,1073,0,169,0,873,31,06,083
0003.01,2808,46.47,448,1290,1503,1305,0,116,43,1073,73,06,083
0003.02,4216,53.82,890,1838,1947,2269,0,223,86,1889,71,06,083
0004.00,4310,13.36,829,2384,3734,576,0,155,8,358,55,06,083
0005.01,3367,9.59,936,1292,3044,323,0,50,35,183,55,06,083
0005.02,6323,15.45,1757,2433,5346,977,18,160,137,634,28,06,083
0006.00,4519,27.00,1059,2151,3299,1220,0,151,33,834,202,06,083
0007.00,6891,31.39,1471,2101,4728,2163,27,276,110,1609,141,06,083
0008.01,4163,81.98,749,1144,750,3413,0,69,24,3304,16,06,083
0008.04,7351,77.92,1311,1902,1623,5728,46,86,154,5336,106,06,083
0009.00,3452,48.06,566,1669,1793,1659,15,82,109,1376,77,06,083
0010.00,5610,50.32,885,2692,2787,2823,0,106,163,2406,148,06,083
0011.01,5236,66.77,1111,1519,1740,3496,27,209,41,3201,18,06,083
0011.02,5479,82.24,969,1342,973,4506,0,236,64,4159,47,06,083
0012.03,2821,30.31,677,1159,1966,855,0,177,0,613,65,06,083
0012.06,5042,72.07,870,1570,1408,3634,2,159,35,3367,71,06,083
0012.08,4408,26.50,901,1615,3240,1168,0,191,87,709,181,06,083
0013.04,7755,34.69,2041,2892,5065,2690,0,300,101,1965,324,06,083
0013.06,3305,21.33,862,1502,2600,705,39,75,55,503,33,06,083
0014.02,3278,8.39,780,1378,3003,275,0,0,2,222,51,06,083
0015.00,3160,13.42,921,1251,2736,424,0,82,9,288,45,06,083
0016.01,5275,46.86,1388,1791,2803,2472,43,201,1,2129,98,06,083
0016.04,5032,47.71,1334,2234,2631,2401,24,245,0,2013,119,06,083
0017.04,3070,60.39,722,1102,1216,1854,0,110,24,1673,47,06,083
0017.06,4508,33.81,1180,2054,2984,1524,27,281,55,1073,88,06,083
0018.00,1200,58.92,317,430,493,707,1,4,0,678,24,06,083
0019.01,7274,35.19,1928,2668,4714,2560,101,103,109,2049,198,06,083
0019.03,6199,31.28,1707,2674,4260,1939,0,72,3,1765,99,06,083
0019.05,2684,24.03,781,1055,2039,645,11,53,51,469,61,06,083
0019.06,5946,28.46,1664,2277,4254,1692,256,128,48,1064,196,06,083
0020.05,5212,27.03,1351,1887,3803,1409,54,157,74,957,167,06,083
0020.06,2464,34.62,591,804,1611,853,83,76,0,629,65,06,083
0020.07,10131,43.54,2442,3717,5720,4411,7,609,110,3498,187,06,083
0020.08,6191,39.06,1614,2265,3773,2418,0,187,184,1779,268,06,083
0020.09,3965,34.07,987,1309,2614,1351,0,363,24,888,76,06,083
0020.10,4542,29.37,1346,1540,3208,1334,5,162,131,855,181,06,083
0020.11,5174,61.23,1266,1665,2006,3168,0,325,115,2594,134,06,083
0020.12,3345,21.14,934,1230,2638,707,1,52,0,621,33,06,083
0020.13,2931,23.58,728,1034,2240,691,16,102,2,466,105,06,083
0021.01,3892,69.17,850,1180,1200,2692,0,26,18,2634,14,06,083
0021.02,2272,65.98,570,783,773,1499,0,62,21,1370,46,06,083
0021.03,3900,69.90,804,1414,1174,2726,50,408,40,2210,18,06,083
0022.05,5455,80.35,1057,1416,1072,4383,0,351,19,3950,63,06,083
0022.06,5096,78.73,1005,1482,1084,4012,3,128,76,3711,94,06,083
0022.09,3418,79.11,740,900,714,2704,0,47,19,2632,6,06,083
0022.10,5755,73.05,1204,1523,1551,4204,146,538,162,3297,61,06,083
0022.11,5764,60.57,1295,1988,2273,3491,0,439,95,2827,130,06,083
0023.03,6225,91.41,1155,1352,535,5690,0,329,8,5353,0,06,083
0023.04,6319,96.31,1195,1371,233,6086,3,264,7,5783,29,06,083
0023.05,7474,95.72,1392,1545,320,7154,0,363,37,6747,7,06,083
0023.06,8501,74.29,1840,2459,2186,6315,0,358,0,5844,113,06,083
0024.02,12983,84.43,2735,3217,2021,10962,141,737,142,9819,123,06,083
0024.03,6992,95.97,1213,1526,282,6710,0,18,18,6592,82,06,083
0024.04,8797,95.93,1385,1738,358,8439,18,271,29,8110,11,06,083
0025.02,7447,92.51,1649,1927,558,6889,195,190,47,6330,127,06,083
0026.04,3155,74.39,30,32,808,2347,50,186,552,1423,136,06,083
0026.06,3348,45.64,836,878,1820,1528,17,127,247,739,398,06,083
0027.02,7943,83.89,1845,2353,1280,6663,4,133,223,6088,215,06,083
0027.03,4139,68.57,894,1378,1301,2838,36,94,156,2477,75,06,083
0027.05,4286,66.43,888,1483,1439,2847,0,27,66,2663,91,06,083
0027.06,6603,76.07,1456,1928,1580,5023,49,121,166,4478,209,06,083
0027.07,2304,51.69,565,946,1113,1191,4,39,100,919,129,06,083
0027.08,2565,40.74,547,1106,1520,1045,13,121,1,797,113,06,083
0028.02,7174,58.08,1631,2474,3007,4167,55,397,542,2754,419,06,083
0028.06,2303,48.81,569,786,1179,1124,6,29,86,909,94,06,083
0028.08,6763,32.81,1964,2664,4544,2219,51,247,221,1372,328,06,083
0028.09,4902,46.37,1251,1563,2629,2273,29,169,353,1485,237,06,083
0029.06,4038,31.60,1064,1402,2762,1276,0,251,54,772,199,06,083
0029.07,4406,32.18,1214,1579,2988,1418,0,293,0,1014,111,06,083
0029.09,6190,49.79,1423,1765,3108,3082,0,368,22,2544,148,06,083
0029.13,3820,28.27,886,1504,2740,1080,0,270,17,682,111,06,083
0029.14,3190,33.04,797,1280,2136,1054,43,384,2,597,28,06,083
0029.15,479,59.92,125,235,192,287,25,105,0,123,34,06,083
0029.22,9971,60.73,525,753,3916,6055,0,2770,354,2351,580,06,083
0029.24,6643,36.91,111,1528,4191,2452,0,759,93,1275,325,06,083
0029.26,6002,41.27,212,1806,3525,2477,0,626,176,1588,87,06,083
0029.28,4633,39.07,150,1278,2823,1810,0,551,111,991,157,06,083
0029.30,7344,52.36,1571,2897,3499,3845,0,668,72,2963,142,06,083
0029.32,2353,47.30,532,744,1240,1113,5,216,21,760,111,06,083
0030.01,5936,74.68,1242,2190,1503,4433,0,364,207,3746,116,06,083
0030.04,5164,43.30,1327,1635,2928,2236,13,355,167,1630,71,06,083
0030.05,5609,53.06,1235,1562,2633,2976,0,485,89,2230,172,06,083
0030.07,3503,17.16,919,1466,2902,601,0,194,0,337,70,06,083
0031.02,3286,49.97,867,1105,1644,1642,10,202,191,1222,17,06,083
9800.00,8,0.00,0,4,8,0,0,0,0,0,0,06,083
9801.00,0,0.00,0,0,0,0,0,0,0,0,0,06,083
9900.00,0,0.00,0,0,0,0,0,0,0,0,0,06,083
9702.00,2172,2.07,666,1005,2127,45,0,11,0,32,2,50,003
9703.00,1076,5.67,320,446,1015,61,5,8,9,18,21,50,003
9704.00,4339,2.97,1264,1963,4210,129,10,11,10,84,14,50,003
9705.00,983,4.07,297,518,943,40,0,2,4,30,4,50,003
9706.00,3064,2.09,926,1410,3000,64,1,2,1,21,39,50,003
9707.00,2453,3.02,755,1099,2379,74,6,0,2,28,38,50,003
9708.00,3535,2.52,1095,1541,3446,89,2,5,0,57,25,50,003
9709.00,2017,3.67,576,909,1943,74,0,0,2,35,37,50,003
9710.00,3841,12.05,746,1284,3378,463,0,34,58,206,165,50,003
9711.00,4740,4.60,1243,1918,4522,218,3,62,6,50,97,50,003
9712.00,4885,8.50,1127,2150,4470,415,29,36,85,64,201,50,003
9713.00,3484,4.28,1039,1393,3335,149,0,7,0,0,142,50,003
5115.00,7922,39.67,1822,2988,4779,3143,14,1696,176,725,532,06,085
5116.08,2994,58.48,14,80,1243,1751,46,762,183,527,233,06,085
5116.09,3156,34.73,681,1682,2060,1096,0,674,121,164,137,06,085
5117.01,4238,35.23,1277,1527,2745,1493,0,1153,1,251,88,06,085
5117.02,2872,30.26,813,958,2003,869,13,616,5,123,112,06,085
5117.04,4697,35.55,1383,1733,3027,1670,0,1431,0,106,133,06,085
5117.05,1012,42.59,256,352,581,431,0,294,21,85,31,06,085
5117.07,2840,34.65,820,1149,1856,984,0,672,11,230,71,06,085
5118.00,4722,13.26,1149,1693,4096,626,12,161,10,171,272,06,085
5119.05,3109,50.82,890,1030,1529,1580,0,1213,0,294,73,06,085
5119.07,4033,51.43,1179,1349,1959,2074,0,1530,35,458,51,06,085
5119.09,8239,54.14,2325,2673,3778,4461,0,3567,0,448,446,06,085
5119.10,3207,30.75,928,1055,2221,986,0,807,9,29,141,06,085
5119.11,5069,41.45,1403,1859,2968,2101,0,963,289,488,361,06,085
5119.12,5415,54.40,1523,1723,2469,2946,25,2375,39,229,278,06,085
5119.13,4167,35.16,1191,1370,2702,1465,0,793,6,593,73,06,085
5119.14,5797,43.25,1629,1929,3290,2507,68,1514,16,555,354,06,085
5119.15,3695,69.61,863,1262,1123,2572,0,489,354,1508,221,06,085
5119.16,4699,42.65,1286,1688,2695,2004,0,1114,104,620,166,06,085
5120.01,6918,73.32,1702,1974,1846,5072,0,3021,149,1535,367,06,085
5120.05,6613,55.32,1849,2194,2955,3658,0,1079,262,1903,414,06,085
5120.17,8756,88.11,1785,2174,1041,7715,15,2999,321,4209,171,06,085
5120.19,4955,69.06,1183,1553,1533,3422,15,1419,276,1519,193,06,085
5120.20,6969,81.49,1662,2545,1290,5679,26,2887,244,2446,76,06,085
5120.21,6152,65.08,1715,2044,2148,4004,4,2145,158,1384,313,06,085
5120.22,5520,74.46,1236,1860,1410,4110,28,1663,263,2013,143,06,085
5120.23,5915,77.46,1331,1993,1333,4582,0,1028,590,2638,326,06,085
5120.24,4502,56.95,1179,1610,1938,2564,0,919,254,1131,260,06,085
5120.25,3159,49.35,869,1053,1600,1559,0,762,142,575,80,06,085
5120.26,3855,72.04,1014,1311,1078,2777,0,987,134,1398,258,06,085
5120.27,4517,56.61,1065,1549,1960,2557,0,909,140,1268,240,06,085
5120.29,6848,49.42,1685,2292,3464,3384,0,863,91,1922,508,06,085
5120.30,2954,50.10,807,987,1474,1480,0,605,79,635,161,06,085
5120.31,4443,52.15,1202,1394,2126,2317,5,945,58,1055,254,06,085
5120.32,3451,59.98,840,1001,1381,2070,8,475,107,1337,143,06,085
5120.33,6640,58.31,1691,2004,2768,3872,86,1349,217,1977,243,06,085
5120.34,3221,58.12,850,1045,1349,1872,0,575,21,1089,187,06,085
5120.35,4320,54.65,1124,1399,1959,2361,0,672,162,1395,132,06,085
5120.36,5311,64.96,1413,1837,1861,3450,0,1612,236,1257,345,06,085
5120.37,3248,48.40,901,984,1676,1572,0,527,42,691,312,06,085
5120.38,2951,66.38,703,1008,992,1959,8,878,198,828,47,06,085
5120.39,4875,81.81,1173,1294,887,3988,0,2118,206,1538,126,06,085
5120.42,2755,90.38,636,875,265,2490,12,1261,95,1045,77,06,085
5120.43,6718,89.64,1264,1560,696,6022,0,1396,333,4187,106,06,085
5120.45,5770,51.40,1493,1827,2804,2966,0,798,244,1671,253,06,085
5120.47,5602,51.79,1381,1673,2701,2901,6,808,29,1558,500,06,085
5120.52,4326,50.79,1068,1735,2129,2197,0,737,83,989,388,06,085
5120.53,5018,65.98,1333,1530,1707,3311,0,835,412,1961,103,06,085
5121.00,1593,59.57,337,467,644,949,4,158,0,787,0,06,085
5122.00,4480,38.64,1245,1650,2749,1731,11,261,45,1235,179,06,085
5123.05,4147,41.48,1261,1434,2427,1720,16,558,110,812,224,06,085
5123.07,6526,45.57,1800,2365,3552,2974,1,872,41,1742,318,06,085
5123.08,7795,43.64,2127,2451,4393,3402,0,684,293,1965,460,06,085
5123.09,5279,39.93,1390,1711,3171,2108,10,199,146,1541,212,06,085
5123.10,4169,69.39,1061,1372,1276,2893,0,511,59,2144,179,06,085
5123.11,3330,49.88,812,1075,1669,1661,0,529,119,790,223,06,085
5123.12,3095,48.08,829,1015,1607,1488,0,170,105,1063,150,06,085
5123.13,4201,64.44,987,1231,1494,2707,0,236,210,2198,63,06,085
5123.14,6104,58.32,1500,2089,2544,3560,0,383,187,2718,272,06,085
5124.01,4742,55.04,1181,1428,2132,2610,0,141,105,2271,93,06,085
5124.02,5149,56.90,1180,1501,2219,2930,0,746,21,1989,174,06,085
5125.03,7895,47.27,2182,2565,4163,3732,0,747,134,2623,228,06,085
5125.05,7854,73.75,1798,2148,2062,5792,0,448,259,4978,107,06,085
5125.06,7127,84.45,1543,1821,1108,6019,17,482,240,5164,116,06,085
5125.08,8419,66.02,2066,2588,2861,5558,14,162,39,5066,277,06,085
5125.09,4148,69.91,1078,1217,1248,2900,0,265,82,2499,54,06,085
5125.10,6167,55.85,1626,2184,2723,3444,0,360,90,2912,82,06,085
5126.02,2734,66.24,661,831,923,1811,0,301,20,1475,15,06,085
5126.03,4221,86.50,793,1053,570,3651,29,57,58,3495,12,06,085
5126.04,4959,90.70,923,1143,461,4498,9,154,26,4307,2,06,085
5130.00,8068,55.71,454,2258,3573,4495,17,2685,255,991,547,06,085
5135.00,938,47.65,225,321,491,447,0,95,17,238,97,06,085
8832.09,3343,28.48,765,1034,2391,952,43,0,190,576,143,17,197
8832.10,2544,13.95,560,1287,2189,355,0,86,115,154,0,17,197
8832.11,6335,32.28,1506,1918,4290,2045,8,68,425,1441,103,17,197
8832.12,5765,21.87,1463,1768,4504,1261,0,224,471,447,119,17,197
8832.13,5741,13.53,1599,2022,4964,777,15,81,101,343,237,17,197
8832.14,2722,26.60,762,1015,1998,724,0,66,97,512,49,17,197
8832.15,10512,37.86,2417,3079,6532,3980,0,192,1136,2368,284,17,197
8832.16,2779,15.04,769,911,2361,418,0,16,129,219,54,17,197
8833.03,3557,4.64,1059,1177,3392,165,0,0,0,148,17,17,197
8833.04,1833,4.47,496,661,1751,82,0,0,0,82,0,17,197
8833.05,2974,8.00,859,964,2736,238,22,5,0,151,60,17,197
8833.06,3887,10.24,969,1111,3489,398,0,72,0,225,101,17,197
8833.07,4081,13.28,1140,1540,3539,542,5,0,205,248,84,17,197
8834.01,3977,11.04,987,1540,3538,439,0,33,100,236,70,17,197
8834.02,2221,18.96,534,866,1800,421,2,30,12,299,78,17,197
8835.04,4944,6.90,1401,2057,4603,341,0,0,307,34,0,17,197
8835.05,8897,24.69,2070,2520,6700,2197,20,417,776,767,217,17,197
8835.07,4011,5.76,1189,1256,3780,231,0,25,28,178,0,17,197
8835.09,4257,6.41,1123,1629,3984,273,0,32,19,185,37,17,197
8835.10,5127,7.67,1352,1556,4734,393,0,0,0,374,19,17,197
8835.11,4466,12.45,1210,1570,3910,556,0,32,100,305,119,17,197
8835.13,5706,11.95,1481,1702,5024,682,0,325,6,290,61,17,197
8835.14,7245,14.78,1850,2237,6174,1071,0,191,218,426,236,17,197
8835.15,4014,7.65,1105,1339,3707,307,23,25,43,144,72,17,197
8835.16,6977,6.87,1871,2075,6498,479,0,170,73,215,21,17,197
8835.17,3182,13.07,885,1219,2766,416,0,30,2,333,51,17,197
8835.19,5465,9.55,1497,1910,4943,522,0,16,16,464,26,17,197
8835.21,3692,8.10,1009,1260,3393,299,0,62,71,129,37,17,197
8835.22,3437,2.59,890,1162,3348,89,0,26,0,63,0,17,197
8836.02,5485,21.91,1472,2170,4283,1202,0,56,834,272,40,17,197
8836.03,3128,67.93,796,1205,1003,2125,0,31,1932,136,26,17,197
8836.05,3123,98.46,770,1158,48,3075,0,0,2914,11,150,17,197
8836.06,3870,81.83,1018,1269,703,3167,0,181,2615,257,114,17,197
8837.00,2872,30.81,633,1175,1987,885,0,0,220,507,158,17,197
8838.03,2434,84.68,485,1394,373,2061,0,20,1786,183,72,17,197
8838.04,2845,40.81,784,943,1684,1161,0,11,445,537,168,17,197
8838.06,3616,33.38,898,1290,2409,1207,0,43,927,215,22,17,197
8838.08,2137,17.83,571,899,1756,381,12,37,260,72,0,17,197
8838.09,2994,20.44,786,1344,2382,612,0,0,318,195,99,17,197
8838.10,3781,38.51,940,1347,2325,1456,8,28,1276,104,40,17,197
8838.11,3035,22.90,820,1248,2340,695,0,87,271,275,62,17,197
8839.02,6339,13.80,1753,2302,5464,875,0,29,148,664,34,17,197
8839.03,1919,6.93,506,659,1786,133,0,0,8,125,0,17,197
8839.04,4420,4.68,1176,1599,4213,207,0,0,0,207,0,17,197
8840.03,4160,2.91,1084,1665,4039,121,0,32,16,37,36,17,197
8840.04,2825,7.12,730,1068,2624,201,2,0,11,155,33,17,197
8840.05,1282,7.88,384,532,1181,101,7,8,0,51,35,17,197
8840.06,2216,7.08,538,810,2059,157,0,9,37,73,38,17,197
8841.01,4153,33.16,819,1291,2776,1377,2,102,370,843,60,17,197
8841.03,3204,53.87,688,945,1478,1726,0,301,569,791,65,17,197
9800.00,0,0.00,0,0,0,0,0,0,0,0,0,17,197
9801.00,3216,83.68,34,40,525,2691,10,35,2085,452,109,17,197
