Tract Code,Total Housing Units,1-4 Family Units,Median House Age,Inside City?,Owner Occupied Units,Vacant Units,Owner Occupied 1-4 Fam Units,Renter Occupied,state,county
1028.00,522,497,49,Yes,268,31,253,223,36,047
1034.00,1678,32,57,Yes,0,0,0,1678,36,047
1058.01,3347,45,41,Yes,0,39,0,3308,36,047
1058.04,3175,149,40,Yes,145,175,124,2855,36,047
1070.00,474,341,8,Yes,220,10,215,244,36,047
1078.00,1942,857,51,Yes,957,196,498,789,36,047
1098.00,681,553,56,Yes,107,80,101,494,36,047
1104.00,1801,1191,59,Yes,476,198,449,1127,36,047
1106.00,1703,67,61,Yes,8,83,8,1612,36,047
1110.00,1544,19,60,Yes,9,66,9,1469,36,047
1116.00,1200,1119,46,Yes,253,164,253,783,36,047
1118.00,1261,1145,50,Yes,326,282,326,653,36,047
1120.00,1335,1027,56,Yes,294,232,294,809,36,047
1122.00,1215,874,69,Yes,212,98,212,905,36,047
1124.00,1262,955,76,Yes,368,123,368,771,36,047
1126.00,1472,937,65,Yes,237,192,237,1043,36,047
1128.00,1588,1378,76,Yes,404,194,392,990,36,047
1130.00,1475,904,55,Yes,314,81,314,1080,36,047
1132.00,723,631,24,Yes,375,73,375,275,36,047
1134.00,925,141,41,Yes,34,41,34,850,36,047
1142.01,627,593,76,Yes,337,67,337,223,36,047
1142.02,981,542,76,Yes,256,77,249,648,36,047
1144.00,869,440,65,Yes,107,97,99,665,36,047
1146.00,1029,759,76,Yes,239,60,239,730,36,047
1150.00,1043,819,51,Yes,200,135,196,708,36,047
1152.00,1117,853,47,Yes,231,117,218,769,36,047
1156.00,1676,503,44,Yes,86,102,86,1488,36,047
1158.00,1117,904,66,Yes,372,216,359,529,36,047
1160.00,954,612,32,Yes,289,85,281,580,36,047
1162.00,865,770,46,Yes,386,130,360,349,36,047
1164.00,1075,895,40,Yes,359,181,359,535,36,047
1166.00,1072,958,76,Yes,194,191,194,687,36,047
1168.00,733,623,76,Yes,82,169,82,482,36,047
1170.00,613,487,76,Yes,109,109,109,395,36,047
1172.01,848,713,76,Yes,292,91,292,465,36,047
1172.02,1383,1151,76,Yes,305,294,305,784,36,047
1174.00,1408,1408,76,Yes,384,317,384,707,36,047
1176.01,958,756,76,Yes,202,125,190,631,36,047
1176.02,1131,933,76,Yes,185,184,185,762,36,047
1178.00,574,558,76,Yes,110,80,110,384,36,047
1180.00,0,0,0,Yes,0,0,0,0,36,047
1182.01,1035,917,76,Yes,203,152,203,680,36,047
1182.02,1084,958,76,Yes,362,202,362,520,36,047
1184.00,1803,1713,76,Yes,586,391,586,826,36,047
1186.00,996,932,64,Yes,263,256,263,477,36,047
1188.00,1482,1104,76,Yes,242,223,242,1017,36,047
1190.00,741,629,76,Yes,213,41,213,487,36,047
1192.00,1328,1090,58,Yes,272,314,272,742,36,047
1194.00,1525,1240,59,Yes,371,423,371,731,36,047
1196.00,2117,1564,76,Yes,416,379,405,1322,36,047
1198.00,1135,844,67,Yes,133,80,133,922,36,047
1200.00,747,544,65,Yes,135,141,135,471,36,047
1202.00,592,531,67,Yes,257,70,239,265,36,047
1208.00,3731,1893,53,Yes,641,644,605,2446,36,047
1210.00,1574,20,59,Yes,0,48,0,1526,36,047
1214.00,1615,48,58,Yes,0,14,0,1601,36,047
1220.00,2348,1576,18,Yes,381,238,381,1729,36,047
1237.00,1411,434,36,Yes,198,97,39,1116,36,047
1502.00,1124,908,76,Yes,542,63,509,519,36,047
1522.00,1109,742,76,Yes,623,31,554,455,36,047
9901.00,0,0,0,Yes,0,0,0,0,36,047
0194.00,2737,248,58,Yes,105,251,39,2381,36,061
0195.00,3783,25,76,Yes,928,451,0,2404,36,061
0196.00,1675,39,38,Yes,19,99,19,1557,36,061
0197.01,437,23,11,Yes,0,5,0,432,36,061
0197.02,1191,53,58,Yes,203,230,7,758,36,061
0198.00,1274,160,22,Yes,407,99,83,768,36,061
0199.00,3804,140,76,Yes,853,474,0,2477,36,061
0200.00,1571,513,76,Yes,344,231,259,996,36,061
0201.01,300,6,76,Yes,56,14,6,230,36,061
0201.02,1918,146,76,Yes,240,119,31,1559,36,061
0203.00,463,5,76,Yes,22,75,0,366,36,061
0205.00,1259,34,76,Yes,256,107,26,896,36,061
0206.00,1684,406,76,Yes,190,320,91,1174,36,061
0207.01,1366,0,76,Yes,48,54,0,1264,36,061
0208.00,2539,708,76,Yes,459,462,212,1618,36,061
0209.01,1593,38,57,Yes,47,48,0,1498,36,061
0210.00,3204,17,66,Yes,287,137,0,2780,36,061
0211.00,4586,298,63,Yes,1105,474,156,3007,36,061
0212.00,2773,9,56,Yes,33,281,0,2459,36,061
0213.03,2443,79,76,Yes,89,255,48,2099,36,061
0214.00,2026,45,56,Yes,21,134,0,1871,36,061
0215.00,1459,21,41,Yes,19,130,0,1310,36,061
0216.00,3771,246,76,Yes,574,428,104,2769,36,061
0217.03,4,4,0,Yes,4,0,4,0,36,061
0218.00,3042,326,76,Yes,261,260,81,2521,36,061
0219.00,2195,35,73,Yes,51,176,0,1968,36,061
0220.00,2864,569,76,Yes,407,380,175,2077,36,061
0221.02,1301,201,76,Yes,371,139,83,791,36,061
0222.00,1531,440,50,Yes,318,254,97,959,36,061
0223.01,2518,77,76,Yes,175,138,12,2205,36,061
0223.02,1562,14,42,Yes,0,0,0,1562,36,061
0224.00,2988,343,60,Yes,122,246,45,2620,36,061
0225.00,3844,100,76,Yes,465,377,35,3002,36,061
0226.00,2321,483,70,Yes,218,526,164,1577,36,061
0227.00,2448,650,76,Yes,423,261,276,1764,36,061
0228.00,2747,836,76,Yes,446,288,270,2013,36,061
0229.00,3222,188,76,Yes,247,328,28,2647,36,061
0230.00,3903,343,73,Yes,68,350,36,3485,36,061
0231.00,2942,521,76,Yes,277,293,153,2372,36,061
0232.00,3331,199,53,Yes,135,141,33,3055,36,061
0233.00,2699,299,76,Yes,268,143,69,2288,36,061
0234.00,2390,0,76,Yes,169,172,0,2049,36,061
0235.01,2622,218,76,Yes,383,117,99,2122,36,061
0235.02,904,16,76,Yes,12,123,11,769,36,061
0236.00,3159,157,51,Yes,527,191,0,2441,36,061
0237.00,2795,80,76,Yes,178,180,46,2437,36,061
0238.01,4436,97,35,Yes,527,488,22,3421,36,061
0238.02,827,16,12,Yes,39,153,0,635,36,061
0239.00,1085,27,76,Yes,87,36,16,962,36,061
0240.00,0,0,0,Yes,0,0,0,0,36,061
0241.00,3496,129,76,Yes,549,349,13,2598,36,061
0242.00,1537,76,38,Yes,25,66,9,1446,36,061
0243.01,1525,150,76,Yes,71,151,40,1303,36,061
0243.02,2566,71,54,Yes,0,80,0,2486,36,061
0245.00,5064,99,76,Yes,124,239,0,4701,36,061
0247.00,2683,192,76,Yes,356,239,18,2088,36,061
0249.00,387,10,76,Yes,21,6,0,360,36,061
0251.00,853,102,76,Yes,24,129,24,700,36,061
0253.00,3938,74,76,Yes,45,98,15,3795,36,061
0255.00,2189,44,76,Yes,90,138,4,1961,36,061
0257.00,1964,281,36,Yes,550,244,186,1170,36,061
0259.00,1761,61,14,Yes,657,96,32,1008,36,061
0261.00,3833,152,76,Yes,41,147,0,3645,36,061
0263.00,2966,143,76,Yes,15,85,0,2866,36,061
0265.00,2997,94,76,Yes,363,222,0,2412,36,061
0267.00,639,27,76,Yes,4,68,4,567,36,061
0269.00,2807,220,76,Yes,160,239,71,2408,36,061
0271.00,3074,126,76,Yes,217,34,30,2823,36,061
0273.00,3356,51,76,Yes,740,137,16,2479,36,061
0275.00,1680,42,76,Yes,755,78,30,847,36,061
0277.00,2203,14,76,Yes,0,35,0,2168,36,061
0279.00,4211,101,76,Yes,270,287,19,3654,36,061
0281.00,1419,43,76,Yes,343,65,24,1011,36,061
0283.00,3262,110,72,Yes,567,122,30,2573,36,061
0285.00,2830,61,76,Yes,0,122,0,2708,36,061
0287.00,1751,35,76,Yes,57,147,0,1547,36,061
0291.00,4024,40,76,Yes,122,94,0,3808,36,061
0293.00,3067,99,76,Yes,18,168,0,2881,36,061
0295.00,3544,50,76,Yes,300,221,17,3023,36,061
0297.00,0,0,0,Yes,0,0,0,0,36,061
0299.00,1552,66,62,Yes,5,88,5,1459,36,061
0303.00,1869,58,76,Yes,137,62,0,1670,36,061
0307.00,1911,29,76,Yes,757,126,20,1028,36,061
0309.00,3582,406,64,Yes,274,115,173,3193,36,061
0311.00,0,0,0,Yes,0,0,0,0,36,061
0317.03,4474,12,17,Yes,205,517,12,3752,36,061
0317.04,3926,138,29,Yes,1235,666,17,2025,36,061
0319.00,0,0,0,Yes,0,0,0,0,36,061
0231.02,1583,1081,39,Yes,520,36,520,1027,06,075
0231.03,1129,485,51,Yes,62,90,62,977,06,075
0232.00,1344,1308,73,Yes,721,95,721,528,06,075
0233.00,1056,752,18,Yes,590,151,423,315,06,075
0234.00,1052,716,66,Yes,382,165,382,505,06,075
0251.00,1380,1282,63,Yes,982,40,982,358,06,075
0252.00,2310,2157,76,Yes,1351,155,1282,804,06,075
0253.00,1969,1437,76,Yes,673,183,632,1113,06,075
0254.01,1403,1227,76,Yes,566,159,566,678,06,075
0254.02,1162,1141,75,Yes,823,23,808,316,06,075
0254.03,1589,1268,71,Yes,782,56,736,751,06,075
0255.00,2749,2577,76,Yes,2005,15,1916,729,06,075
0256.00,1743,1726,69,Yes,1188,117,1188,438,06,075
0257.01,1451,1419,68,Yes,1002,41,992,408,06,075
0257.02,1274,1174,72,Yes,581,125,561,568,06,075
0258.00,656,517,68,Yes,344,24,336,288,06,075
0259.00,1487,1479,56,Yes,1046,9,1038,432,06,075
0260.01,1654,1560,76,Yes,809,148,796,697,06,075
0260.02,1032,1031,64,Yes,746,48,745,238,06,075
0260.03,1449,1442,72,Yes,892,51,885,506,06,075
0260.04,1271,1207,76,Yes,680,31,675,560,06,075
0261.00,2013,1864,74,Yes,1107,13,1089,893,06,075
0262.00,2077,1953,68,Yes,1339,97,1318,641,06,075
0263.01,1398,1315,76,Yes,778,21,778,599,06,075
0263.02,1536,1339,66,Yes,933,15,842,588,06,075
0263.03,1349,1192,57,Yes,735,105,706,509,06,075
0264.01,1084,1024,62,Yes,723,22,723,339,06,075
0264.02,1218,1218,58,Yes,816,28,816,374,06,075
0264.03,1169,1078,59,Yes,583,128,559,458,06,075
0264.04,717,670,55,Yes,350,32,342,335,06,075
0301.01,2179,1362,76,Yes,593,83,507,1503,06,075
0301.02,2353,1449,52,Yes,1046,160,1046,1147,06,075
0302.01,2000,1293,72,Yes,462,83,462,1455,06,075
0302.02,2154,1294,76,Yes,459,45,411,1650,06,075
0303.01,2570,2348,67,Yes,1355,194,1339,1021,06,075
0303.02,1462,1436,73,Yes,1133,14,1133,315,06,075
0304.00,2044,1936,76,Yes,1536,80,1536,428,06,075
0305.00,1058,925,58,Yes,740,50,740,268,06,075
0306.00,903,894,76,Yes,751,18,751,134,06,075
0307.00,2792,2792,63,Yes,2141,174,2141,477,06,075
0308.00,2402,2148,76,Yes,1727,250,1668,425,06,075
0309.00,2490,2448,76,Yes,2040,182,2040,268,06,075
0310.00,1358,1288,76,Yes,992,46,992,320,06,075
0311.00,2652,2340,71,Yes,1542,190,1498,920,06,075
0312.01,1973,1798,76,Yes,1137,82,1124,754,06,075
0312.02,914,891,74,Yes,587,29,587,298,06,075
0313.01,1377,1377,70,Yes,1040,65,1040,272,06,075
0313.02,1961,1688,65,Yes,1272,56,1130,633,06,075
0314.00,1975,1899,68,Yes,1172,153,1172,650,06,075
0326.01,1856,1621,76,Yes,708,69,703,1079,06,075
0326.02,1778,1536,76,Yes,673,118,673,987,06,075
0327.00,2605,2320,76,Yes,1585,202,1585,818,06,075
0328.01,1506,1372,76,Yes,791,114,791,601,06,075
0328.02,1539,1420,72,Yes,949,97,936,493,06,075
0329.01,1852,1825,75,Yes,1240,51,1240,561,06,075
0329.02,1435,1376,70,Yes,989,90,964,356,06,075
0330.00,2841,2595,76,Yes,1549,152,1549,1140,06,075
0331.00,1567,1567,63,Yes,1276,75,1276,216,06,075
0332.01,778,127,59,Yes,0,140,0,638,06,075
0332.03,1605,466,63,Yes,0,80,0,1525,06,075
0332.04,1679,379,66,Yes,0,114,0,1565,06,075
0351.00,2965,2776,69,Yes,1678,67,1678,1220,06,075
0352.01,2006,1779,67,Yes,1224,44,1217,738,06,075
0352.02,1897,1446,63,Yes,599,105,576,1193,06,075
0353.00,2604,2417,67,Yes,1777,15,1777,812,06,075
0354.00,2576,2271,69,Yes,1401,101,1377,1074,06,075
0401.00,2054,1356,76,Yes,404,125,359,1525,06,075
0402.00,2591,1558,76,Yes,711,127,640,1753,06,075
0426.01,1843,1179,76,Yes,375,74,347,1394,06,075
0426.02,1567,989,76,Yes,437,135,437,995,06,075
0427.00,2664,1752,60,Yes,779,280,662,1605,06,075
0428.00,1037,923,76,Yes,691,117,657,229,06,075
0451.00,2308,1524,76,Yes,726,143,629,1439,06,075
0452.00,3013,2282,76,Yes,1011,85,1000,1917,06,075
0476.00,2392,2018,76,Yes,673,195,673,1524,06,075
0477.01,2049,1639,72,Yes,717,197,684,1135,06,075
0477.02,1699,1341,76,Yes,685,122,676,892,06,075
0478.01,1801,1454,76,Yes,708,183,688,910,06,075
0478.02,1656,1275,73,Yes,561,96,550,999,06,075
0479.01,2796,2178,72,Yes,1537,157,1462,1102,06,075
0479.02,1634,1268,76,Yes,721,143,721,770,06,075
0601.00,1335,931,67,Yes,23,66,23,1246,06,075
0604.00,1030,134,38,Yes,155,22,109,853,06,075
0605.02,1087,513,65,Yes,202,126,202,759,06,075
0607.00,5206,122,11,Yes,1524,412,79,3270,06,075
0610.00,1618,996,15,Yes,934,73,656,611,06,075
0611.00,2250,170,76,Yes,84,214,0,1952,06,075
0612.00,1242,971,67,Yes,465,76,392,701,06,075
0614.00,2644,1923,76,Yes,1154,134,986,1356,06,075
0615.00,8825,251,14,Yes,2729,1648,125,4448,06,075
9802.00,84,75,69,Yes,25,14,25,45,06,075
9803.00,65,20,76,Yes,0,0,0,65,06,075
9804.01,0,0,0,Yes,0,0,0,0,06,075
9805.01,286,109,41,Yes,83,12,83,191,06,075
9806.00,164,142,31,Yes,103,0,81,61,06,075
9809.00,162,48,28,Yes,17,14,6,131,06,075
9901.00,0,0,0,Yes,0,0,0,0,06,075
0075.02,2007,1023,48,Yes,321,207,235,1479,11,001
0075.03,1083,585,59,Yes,298,162,249,623,11,001
0075.04,1365,627,52,Yes,208,313,176,844,11,001
0076.01,2362,1732,66,Yes,815,437,815,1110,11,001
0076.03,2428,1148,62,Yes,812,269,578,1347,11,001
0076.04,2006,862,66,Yes,540,284,461,1182,11,001
0076.05,1870,482,55,Yes,324,281,291,1265,11,001
0077.03,2430,1169,51,Yes,498,247,498,1685,11,001
0077.07,1828,1293,59,Yes,650,328,640,850,11,001
0077.08,1328,519,51,Yes,166,170,139,992,11,001
0077.09,1160,871,65,Yes,163,156,151,841,11,001
0078.03,1746,1212,60,Yes,576,247,527,923,11,001
0078.04,1375,721,57,Yes,430,254,419,691,11,001
0078.06,1084,672,57,Yes,292,163,286,629,11,001
0078.07,979,563,52,Yes,367,95,334,517,11,001
0078.08,1639,1171,51,Yes,642,256,642,741,11,001
0078.09,1362,996,68,Yes,701,187,677,474,11,001
0079.01,1807,1387,69,Yes,549,267,549,991,11,001
0079.03,910,888,72,Yes,512,113,507,285,11,001
0080.01,1418,1259,76,Yes,934,55,858,429,11,001
0080.02,1645,1294,76,Yes,1023,46,872,576,11,001
0081.00,1468,1197,76,Yes,749,91,636,628,11,001
0082.00,1525,938,76,Yes,603,123,494,799,11,001
0083.01,1095,927,76,Yes,563,106,526,426,11,001
0083.02,1026,805,76,Yes,542,35,479,449,11,001
0084.02,1169,729,76,Yes,505,69,451,595,11,001
0084.10,642,629,76,Yes,342,91,342,209,11,001
0087.01,1082,866,76,Yes,418,160,411,504,11,001
0087.02,850,568,76,Yes,373,103,316,374,11,001
0088.02,2033,1807,76,Yes,860,253,837,920,11,001
0088.03,662,484,57,Yes,91,149,87,422,11,001
0088.04,1419,1285,64,Yes,350,346,291,723,11,001
0089.03,1699,1028,56,Yes,336,247,289,1116,11,001
0089.04,1914,931,62,Yes,202,380,202,1332,11,001
0090.00,1858,758,40,Yes,735,127,658,996,11,001
0091.02,2109,1347,61,Yes,632,133,614,1344,11,001
0092.01,861,487,59,Yes,281,93,256,487,11,001
0092.03,1304,893,76,Yes,581,284,551,439,11,001
0092.04,1456,334,63,Yes,234,141,152,1081,11,001
0093.01,1231,1131,76,Yes,871,44,871,316,11,001
0093.02,548,396,76,Yes,330,75,317,143,11,001
0094.00,1839,1654,76,Yes,1345,176,1337,318,11,001
0095.01,1961,641,57,Yes,366,129,358,1466,11,001
0095.03,1297,1297,69,Yes,1027,27,1027,243,11,001
0095.04,1432,1254,74,Yes,692,149,634,591,11,001
0095.05,1243,1210,64,Yes,960,129,960,154,11,001
0095.07,615,586,62,Yes,486,32,486,97,11,001
0095.08,1724,966,61,Yes,855,107,846,762,11,001
0095.09,1377,1377,63,Yes,1050,88,1050,239,11,001
0096.01,880,740,63,Yes,335,96,335,449,11,001
0096.02,1656,282,55,Yes,94,81,94,1481,11,001
0096.03,1800,953,60,Yes,412,243,358,1145,11,001
0096.04,1046,918,69,Yes,630,53,630,363,11,001
0097.00,1327,751,38,Yes,417,173,417,737,11,001
0098.01,936,378,36,Yes,160,135,96,641,11,001
0098.02,886,485,57,Yes,182,272,121,432,11,001
0098.03,1449,483,44,Yes,132,200,117,1117,11,001
0098.04,1110,419,48,Yes,316,81,248,713,11,001
0098.07,1617,1035,59,Yes,550,367,544,700,11,001
0098.10,1224,511,50,Yes,126,64,39,1034,11,001
0098.11,2145,453,52,Yes,223,220,193,1702,11,001
0099.01,1117,1087,57,Yes,824,86,824,207,11,001
0099.02,1340,1100,67,Yes,873,174,826,293,11,001
0099.03,775,703,47,Yes,389,39,377,347,11,001
0099.04,1290,428,48,Yes,303,342,232,645,11,001
0099.05,1378,780,60,Yes,459,292,424,627,11,001
0099.06,777,418,58,Yes,238,110,174,429,11,001
0099.07,1239,1024,63,Yes,222,97,222,920,11,001
0101.00,2051,56,49,Yes,437,193,30,1421,11,001
0102.00,1568,385,48,Yes,473,207,229,888,11,001
0103.00,1301,825,73,Yes,592,108,574,601,11,001
0104.00,1798,1167,61,Yes,493,208,413,1097,11,001
0105.00,2322,700,51,Yes,830,73,294,1419,11,001
0106.00,2890,1392,39,Yes,740,262,688,1888,11,001
0107.00,1282,119,46,Yes,159,149,20,974,11,001
0108.00,1100,27,52,Yes,71,141,8,888,11,001
0109.00,1448,344,51,Yes,24,226,8,1198,11,001
0110.00,2582,532,0,Yes,1483,245,394,854,11,001
0111.00,1888,1582,70,Yes,1189,154,1174,545,11,001
9203.13,1883,1768,45,No,1454,60,1421,369,06,037
9203.14,973,819,27,No,765,19,765,189,06,037
9203.22,1104,851,0,No,908,28,799,168,06,037
9203.26,2653,1538,18,No,1310,124,1281,1219,06,037
9203.28,934,401,13,No,379,65,339,490,06,037
9203.29,2219,1741,30,No,1499,57,1336,663,06,037
9203.30,2458,1620,0,No,1473,77,1259,908,06,037
9203.31,1519,1365,38,No,926,52,926,541,06,037
9203.32,664,425,29,No,465,23,335,176,06,037
9203.34,2361,1584,40,No,1435,0,1214,926,06,037
9203.36,1786,1010,42,No,437,87,437,1262,06,037
9203.37,2000,1209,30,No,488,63,463,1449,06,037
9203.38,1758,1740,19,No,1579,0,1561,179,06,037
9203.39,2302,1867,15,No,1542,88,1512,672,06,037
9301.01,128,117,42,No,28,78,28,22,06,037
9302.00,184,174,49,Yes,121,16,121,47,06,037
9303.01,322,322,49,No,186,80,186,56,06,037
9800.01,0,0,0,Yes,0,0,0,0,06,037
9800.02,0,0,0,Yes,0,0,0,0,06,037
9800.03,0,0,0,No,0,0,0,0,06,037
9800.04,11,0,0,No,0,0,0,11,06,037
9800.05,0,0,0,Yes,0,0,0,0,06,037
9800.06,0,0,0,Yes,0,0,0,0,06,037
9800.07,0,0,0,Yes,0,0,0,0,06,037
9800.08,37,25,46,Yes,14,0,14,23,06,037
9800.09,12,12,0,Yes,0,12,0,0,06,037
9800.10,68,39,62,Yes,18,9,18,41,06,037
9800.13,0,0,0,No,0,0,0,0,06,037
9800.14,20,20,0,Yes,0,7,0,13,06,037
9800.15,271,131,50,Yes,0,118,0,153,06,037
9800.18,0,0,0,Yes,0,0,0,0,06,037
9800.19,71,66,40,Yes,61,0,56,10,06,037
9800.20,0,0,0,Yes,0,0,0,0,06,037
9800.21,0,0,0,Yes,0,0,0,0,06,037
9800.22,0,0,0,Yes,0,0,0,0,06,037
9800.23,5,5,0,Yes,5,0,5,0,06,037
9800.24,84,76,53,Yes,63,5,59,16,06,037
9800.25,0,0,0,Yes,0,0,0,0,06,037
9800.26,8,8,0,Yes,4,0,4,4,06,037
9800.28,0,0,0,Yes,0,0,0,0,06,037
9800.30,0,0,0,No,0,0,0,0,06,037
9800.31,13,13,0,Yes,0,0,0,13,06,037
9800.33,0,0,0,Yes,0,0,0,0,06,037
9901.00,0,0,0,No,0,0,0,0,06,037
9902.00,0,0,0,Yes,0,0,0,0,06,037
9903.00,0,0,0,No,0,0,0,0,06,037
8423.00,1735,806,22,Yes,768,159,418,808,17,031
8424.00,1472,1282,65,Yes,835,169,828,468,17,031
8425.00,900,231,63,Yes,62,79,45,759,17,031
8426.00,1670,1558,76,Yes,771,240,771,659,17,031
8428.00,2303,2183,76,Yes,892,311,872,1100,17,031
8429.00,1265,536,48,Yes,181,62,80,1022,17,031
8430.00,1185,704,76,Yes,139,228,139,818,17,031
8431.00,679,526,76,Yes,135,166,135,378,17,031
8432.00,992,874,76,Yes,250,216,250,526,17,031
8433.00,547,454,76,Yes,82,126,82,339,17,031
8434.00,559,492,76,Yes,234,136,234,189,17,031
8435.00,355,352,76,Yes,151,58,151,146,17,031
8436.00,1394,688,59,Yes,264,304,223,826,17,031
8437.00,1036,780,73,Yes,590,70,480,376,17,031
8438.00,899,855,76,Yes,290,319,290,290,17,031
8439.00,2311,611,52,Yes,444,394,122,1473,17,031
9800.00,0,0,0,Yes,0,0,0,0,17,031
9801.00,0,0,0,Yes,0,0,0,0,17,031
9900.00,0,0,0,No,0,0,0,0,17,031
9816.00,0,0,0,Yes,0,0,0,0,25,025
9817.00,0,0,0,Yes,0,0,0,0,25,025
9818.00,30,26,46,Yes,19,11,15,0,25,025
9901.01,0,0,0,Yes,0,0,0,0,25,025
1175.00,2090,1340,67,Yes,966,198,850,926,36,081
1181.00,725,708,63,Yes,199,166,199,360,36,081
1185.00,717,512,61,Yes,193,45,186,479,36,081
1187.00,835,581,60,Yes,318,83,301,434,36,081
1189.00,744,702,68,Yes,368,41,368,335,36,081
1191.00,1098,937,57,Yes,250,94,223,754,36,081
1193.00,749,633,76,Yes,322,48,322,379,36,081
1195.00,448,448,73,Yes,292,24,292,132,36,081
1199.00,524,524,76,Yes,354,39,354,131,36,081
1201.00,519,469,66,Yes,213,52,213,254,36,081
1203.00,513,506,62,Yes,347,37,347,129,36,081
1205.00,1050,616,59,Yes,298,78,264,674,36,081
1207.00,949,916,64,Yes,552,84,539,313,36,081
1211.00,0,0,0,Yes,0,0,0,0,36,081
1215.00,1364,1364,63,Yes,715,126,715,523,36,081
1223.00,1189,1140,60,Yes,722,49,681,418,36,081
1227.01,4528,1961,57,Yes,1694,106,863,2728,36,081
1227.02,2928,518,59,Yes,270,39,134,2619,36,081
1241.00,1294,1294,60,Yes,858,184,858,252,36,081
1247.00,1215,1215,66,Yes,1007,50,1007,158,36,081
1257.00,1021,909,62,Yes,576,95,554,350,36,081
1265.00,576,423,69,Yes,282,46,282,248,36,081
1267.00,729,722,76,Yes,462,52,462,215,36,081
1277.00,1192,1163,70,Yes,913,122,913,157,36,081
1283.00,25,4,60,Yes,21,0,0,4,36,081
1291.02,1242,990,64,Yes,1129,37,910,76,36,081
1291.03,2056,352,60,Yes,1537,146,317,373,36,081
1291.04,1953,1676,60,Yes,1624,69,1444,260,36,081
1301.00,1618,1352,63,Yes,1162,95,1004,361,36,081
1333.00,1394,1374,66,Yes,883,149,883,362,36,081
1339.00,462,456,72,Yes,354,60,348,48,36,081
1341.00,1128,1043,65,Yes,790,62,736,276,36,081
1347.00,3989,1247,61,Yes,690,153,546,3146,36,081
1367.00,2499,2226,59,Yes,1699,157,1450,643,36,081
1377.00,2369,2172,63,Yes,1112,40,1023,1217,36,081
1385.01,1484,1445,53,Yes,773,62,766,649,36,081
1385.02,0,0,0,Yes,0,0,0,0,36,081
1399.00,588,578,68,Yes,525,53,520,10,36,081
1403.00,837,837,61,Yes,639,27,639,171,36,081
1409.01,314,303,66,Yes,285,0,285,29,36,081
1409.02,916,910,63,Yes,724,27,724,165,36,081
1417.00,1566,1510,66,Yes,1278,36,1248,252,36,081
1429.00,1284,1271,63,Yes,806,82,806,396,36,081
1435.00,761,761,76,Yes,584,54,584,123,36,081
1441.00,1238,731,64,Yes,917,36,595,285,36,081
1447.00,1044,993,58,Yes,600,100,595,344,36,081
1451.01,522,522,62,Yes,415,0,415,107,36,081
1451.02,851,801,62,Yes,520,80,520,251,36,081
1459.00,1017,1017,74,Yes,656,80,656,281,36,081
1463.00,994,810,64,Yes,513,37,513,444,36,081
1467.00,1374,592,59,Yes,350,46,270,978,36,081
1471.00,1352,980,55,Yes,690,56,422,606,36,081
1479.00,1802,1356,61,Yes,1035,77,892,690,36,081
1483.00,1091,1041,76,Yes,813,121,782,157,36,081
1507.01,1106,1042,68,Yes,969,48,914,89,36,081
1507.02,1280,909,58,Yes,935,57,736,288,36,081
1529.01,2603,2190,52,Yes,1854,47,1565,702,36,081
1529.02,2234,1986,59,Yes,1838,49,1607,347,36,081
1551.01,1818,50,40,Yes,1398,296,50,124,36,081
1551.02,3622,2946,60,Yes,2222,258,2017,1142,36,081
1567.00,253,214,14,Yes,36,7,36,210,36,081
1571.01,2576,2508,64,Yes,2013,96,1960,467,36,081
1571.02,615,607,64,Yes,381,63,377,171,36,081
1579.01,1797,1662,60,Yes,1427,98,1320,272,36,081
1579.02,1089,1080,62,Yes,1003,0,994,86,36,081
1579.03,1396,1356,61,Yes,1004,132,1004,260,36,081
1617.00,1547,1530,76,Yes,1112,65,1103,370,36,081
1621.00,2172,2008,67,Yes,1152,137,1143,883,36,081
9901.00,0,0,0,Yes,0,0,0,0,36,081
6090.00,1027,821,59,No,710,53,710,264,06,081
6091.00,602,588,65,Yes,422,14,418,166,06,081
6092.01,1721,1180,61,No,900,136,758,685,06,081
6092.02,2001,789,52,No,642,0,384,1359,06,081
6093.00,1286,1175,67,No,1009,37,1009,240,06,081
6094.00,1160,1160,68,No,1036,37,1036,87,06,081
6095.00,1835,1742,57,No,1478,58,1478,299,06,081
6096.01,1227,999,45,No,850,36,823,341,06,081
6096.02,659,603,50,No,552,28,514,79,06,081
6096.03,2185,1873,46,Yes,1786,162,1634,237,06,081
6097.00,1633,1633,42,Yes,1489,15,1489,129,06,081
6098.00,1745,1702,60,Yes,1357,36,1357,352,06,081
6099.00,1122,1122,71,Yes,963,49,963,110,06,081
6100.00,2121,1208,63,Yes,909,94,868,1118,06,081
6101.00,950,727,64,Yes,458,34,444,458,06,081
6102.01,1878,859,55,Yes,444,109,434,1325,06,081
6102.02,831,91,32,Yes,42,123,7,666,06,081
6102.03,1112,397,49,Yes,95,40,95,977,06,081
6103.02,975,748,23,Yes,467,79,442,429,06,081
6103.03,3345,2224,22,Yes,2021,185,1692,1139,06,081
6103.04,1841,1318,35,Yes,1423,26,1145,392,06,081
6104.00,1800,1340,58,Yes,643,62,643,1095,06,081
6105.00,1389,1273,55,Yes,771,34,771,584,06,081
6106.01,1672,1204,53,No,393,32,328,1247,06,081
6106.02,1230,1197,62,No,894,44,894,292,06,081
6107.00,2240,1434,48,Yes,898,103,870,1239,06,081
6108.00,1733,651,49,Yes,203,30,145,1500,06,081
6109.00,2531,1660,58,Yes,731,19,712,1781,06,081
6110.00,2346,1998,57,Yes,1189,93,1121,1064,06,081
6111.00,2391,2176,57,Yes,2091,66,1957,234,06,081
6112.00,1122,1115,0,Yes,934,58,934,130,06,081
6113.00,2034,1867,56,Yes,1334,69,1334,631,06,081
6114.00,1462,1462,57,No,1302,12,1302,148,06,081
6115.00,1036,1036,60,No,910,101,910,25,06,081
6116.00,775,770,66,No,655,0,650,120,06,081
6117.00,1440,1286,57,No,601,39,601,800,06,081
6118.00,871,828,58,No,522,28,517,321,06,081
6119.00,2578,2168,46,No,1188,92,1188,1298,06,081
6120.00,1569,1383,62,No,616,72,616,881,06,081
6121.00,2818,628,42,No,413,198,326,2207,06,081
6125.00,2026,1423,56,No,849,108,763,1069,06,081
6126.00,2195,1322,54,No,559,161,487,1475,06,081
6127.00,784,784,60,No,672,48,672,64,06,081
6128.00,1118,1109,60,No,926,93,926,99,06,081
6129.00,1827,1454,52,No,1293,134,1167,400,06,081
6130.00,1536,844,46,No,933,96,674,507,06,081
6132.00,2857,2621,53,No,2336,170,2289,351,06,081
6133.00,1172,1172,55,No,916,189,916,67,06,081
6134.00,1314,1314,52,No,985,126,985,203,06,081
6135.01,1590,1456,39,No,1008,35,981,547,06,081
6135.02,2395,2320,37,No,1672,207,1672,516,06,081
6136.00,2357,2200,41,No,1720,144,1720,493,06,081
6137.00,3927,3688,38,No,2416,461,2404,1050,06,081
6138.00,1845,1786,46,No,985,416,972,444,06,081
6139.00,2207,1694,59,No,1304,91,1261,812,06,081
6140.00,1709,1391,49,No,1094,81,1094,534,06,081
9843.00,0,0,0,No,0,0,0,0,06,081
9901.00,0,0,0,Yes,0,0,0,0,06,081
4222.00,3197,1843,51,No,1903,78,1596,1216,25,021
4223.01,1102,1091,60,No,977,57,966,68,25,021
4223.02,3108,1310,41,No,1587,166,1133,1355,25,021
4224.00,3511,2478,58,No,1767,194,1767,1550,25,021
4225.01,2176,1340,47,No,1337,0,1188,839,25,021
4225.02,2389,1532,63,No,1082,64,956,1243,25,021
4226.00,2587,2456,62,No,2133,113,2086,341,25,021
4227.00,1596,1467,68,No,1260,95,1202,241,25,021
4228.00,1846,1298,58,No,1283,117,1012,446,25,021
4231.00,3332,3125,58,No,2293,365,2277,674,25,021
4401.00,3766,3249,40,No,2587,408,2529,771,25,021
4412.02,950,941,29,No,860,31,860,59,25,021
4412.03,1473,1428,35,No,1204,39,1204,230,25,021
4412.04,1660,1535,39,No,1238,120,1229,302,25,021
4421.01,1823,1714,50,No,1422,71,1422,330,25,021
4421.02,2614,2067,32,No,2344,43,2012,227,25,021
4421.03,2191,2126,25,No,2127,28,2090,36,25,021
4422.01,1469,1157,23,No,1071,70,1071,328,25,021
4422.02,3332,2560,33,No,1928,102,1806,1302,25,021
4431.01,3038,2515,47,No,2303,30,2259,705,25,021
4431.02,3429,3389,44,No,2626,241,2626,562,25,021
4561.01,1277,1154,47,No,1117,49,1117,111,25,021
4561.02,2109,1608,53,No,1113,211,1057,785,25,021
4562.00,1341,1096,45,No,1027,58,1007,256,25,021
4563.01,830,460,49,No,317,93,207,420,25,021
4563.02,2689,1959,40,No,1619,167,1422,903,25,021
4564.01,1131,1095,57,No,814,113,806,204,25,021
4564.02,1924,1914,46,No,1763,55,1763,106,25,021
4571.00,1751,1692,60,No,1363,92,1363,296,25,021
4572.00,2190,1908,64,No,1747,111,1724,332,25,021
0407.02,2747,337,76,Yes,39,135,39,2573,36,005
0408.00,1617,422,76,Yes,171,111,171,1335,36,005
0409.00,1384,65,44,Yes,241,64,0,1079,36,005
0411.00,1215,161,64,Yes,159,78,13,978,36,005
0413.00,2956,387,76,Yes,170,154,119,2632,36,005
0414.00,1783,1320,69,Yes,736,212,736,835,36,005
0415.00,2337,291,76,Yes,140,92,48,2105,36,005
0418.00,1318,711,76,Yes,270,38,255,1010,36,005
0419.00,2566,251,76,Yes,100,42,82,2424,36,005
0420.00,1471,379,76,Yes,185,74,185,1212,36,005
0421.00,2382,81,72,Yes,56,283,21,2043,36,005
0422.00,1184,755,63,Yes,533,96,431,555,36,005
0423.00,1476,123,74,Yes,45,22,45,1409,36,005
0424.00,860,819,66,Yes,423,63,423,374,36,005
0425.00,2289,523,76,Yes,112,103,96,2074,36,005
0426.00,2170,2155,56,Yes,1249,168,1234,753,36,005
0428.00,729,672,64,Yes,445,55,440,229,36,005
0429.01,1271,168,76,Yes,111,73,96,1087,36,005
0429.02,1609,164,76,Yes,92,17,41,1500,36,005
0430.00,1079,896,67,Yes,572,38,568,469,36,005
0431.00,3625,161,71,Yes,82,229,36,3314,36,005
0434.00,1340,805,76,Yes,342,77,342,921,36,005
0435.00,22,14,62,Yes,0,5,0,17,36,005
0436.00,724,621,76,Yes,421,27,421,276,36,005
0442.00,1270,917,76,Yes,455,73,429,742,36,005
0444.00,1343,1252,68,Yes,689,151,689,503,36,005
0448.00,697,685,59,Yes,503,30,495,164,36,005
0449.01,809,418,72,Yes,298,92,204,419,36,005
0449.02,905,518,70,Yes,280,79,204,546,36,005
0451.01,843,312,73,Yes,237,81,171,525,36,005
0451.02,938,505,64,Yes,365,79,221,494,36,005
0456.00,1111,1097,62,Yes,649,137,649,325,36,005
0458.00,2056,44,60,Yes,0,126,0,1930,36,005
0460.00,1024,551,56,Yes,210,82,210,732,36,005
0462.01,12840,758,47,Yes,4682,524,242,7634,36,005
0462.02,2674,1750,46,Yes,888,100,685,1686,36,005
0484.00,1296,1233,42,Yes,747,72,747,477,36,005
0504.00,29,10,76,Yes,4,11,0,14,36,005
0516.00,2136,1864,76,Yes,1218,223,1115,695,36,005
0058.01,1722,1722,24,Yes,1390,86,1390,246,06,111
0058.02,3104,3050,15,Yes,2903,79,2887,122,06,111
0059.01,2290,2290,42,Yes,2022,10,2022,258,06,111
0059.06,2596,2021,41,Yes,1661,136,1661,799,06,111
0059.07,1844,1721,40,Yes,1315,67,1307,462,06,111
0059.08,927,881,41,Yes,620,38,615,269,06,111
0059.09,1487,1405,38,Yes,1259,12,1214,216,06,111
0059.10,631,631,30,Yes,547,7,547,77,06,111
0059.11,1575,1217,38,Yes,984,56,914,535,06,111
0060.00,1556,1517,47,Yes,1322,17,1322,217,06,111
0061.00,2861,1915,26,Yes,1146,34,1119,1681,06,111
0062.00,1105,1105,42,Yes,992,57,992,56,06,111
0063.01,2690,2092,38,Yes,1779,110,1747,801,06,111
0063.02,827,673,39,Yes,560,0,560,267,06,111
0064.00,2527,2527,43,Yes,2048,9,2048,470,06,111
0065.00,1072,1003,51,Yes,756,45,756,271,06,111
0066.00,1358,1358,48,Yes,1123,32,1123,203,06,111
0067.00,1145,984,46,Yes,838,22,838,285,06,111
0068.00,1279,1203,51,Yes,878,87,878,314,06,111
0069.00,1778,866,41,Yes,640,58,478,1080,06,111
0070.00,1685,762,37,Yes,371,32,371,1282,06,111
0071.00,2922,1424,33,Yes,918,216,553,1788,06,111
0072.01,1174,1174,50,Yes,1112,0,1112,62,06,111
0072.02,1676,1668,40,Yes,1326,90,1326,260,06,111
0073.00,938,817,31,Yes,628,187,618,123,06,111
0074.02,2681,2295,29,Yes,2212,40,2067,429,06,111
0074.03,2243,1981,30,No,1648,44,1648,551,06,111
0074.05,2487,1975,30,No,1667,31,1475,789,06,111
0074.06,872,784,28,No,642,47,642,183,06,111
0075.05,1131,1073,45,No,896,14,852,221,06,111
0075.06,2497,2486,34,No,2142,44,2142,311,06,111
0075.07,2394,2380,22,Yes,2296,12,2296,86,06,111
0075.08,1482,1391,38,Yes,1113,58,1048,311,06,111
0075.09,1572,1130,25,Yes,843,0,843,729,06,111
0075.10,2129,2121,22,Yes,1896,107,1896,126,06,111
0075.11,859,856,32,No,731,58,728,70,06,111
0075.12,1862,1576,23,No,1359,33,1359,470,06,111
0075.13,552,552,39,No,493,34,493,25,06,111
0075.14,3077,1981,25,Yes,1507,87,1431,1483,06,111
0076.06,437,437,14,No,363,0,363,74,06,111
0076.07,2089,2089,28,No,1889,48,1889,152,06,111
0076.09,796,796,0,No,705,0,705,91,06,111
0076.10,1731,1690,31,No,1464,13,1464,254,06,111
0076.11,913,749,55,No,344,0,330,569,06,111
0076.12,1743,878,26,No,601,104,592,1038,06,111
0076.13,1328,1295,12,No,965,146,965,217,06,111
0076.14,2457,2415,31,No,1859,106,1828,492,06,111
0077.00,2086,1848,35,No,1355,43,1309,688,06,111
0078.00,1517,687,33,No,525,109,506,883,06,111
0079.01,1734,1418,40,No,964,20,935,750,06,111
0079.03,1559,1559,28,No,1368,47,1368,144,06,111
0079.04,1749,1734,48,No,1477,9,1477,263,06,111
0080.01,982,934,48,No,724,23,695,235,06,111
0080.02,1563,1515,48,No,1031,28,1021,504,06,111
0080.04,1511,1511,50,No,1136,113,1136,262,06,111
0080.05,794,794,0,No,589,56,589,149,06,111
0081.01,1130,1066,47,No,872,64,845,194,06,111
0082.01,1462,1305,47,No,1076,36,1076,350,06,111
0082.02,1462,1444,42,No,1147,0,1140,315,06,111
0083.02,1996,1908,40,No,1397,19,1388,580,06,111
0083.03,1437,984,38,No,668,76,668,693,06,111
0083.04,2135,1908,32,No,1681,23,1603,431,06,111
0083.05,1244,1244,20,No,1174,0,1174,70,06,111
0083.06,1565,1040,31,No,834,19,787,712,06,111
0084.01,1910,1663,43,No,1261,59,1210,590,06,111
0084.02,1676,1676,47,No,1454,28,1454,194,06,111
0085.00,3082,2626,32,No,2230,81,2184,771,06,111
0086.00,2298,1533,44,Yes,554,80,501,1664,06,111
0087.00,1956,1284,60,Yes,620,82,620,1254,06,111
0088.00,1415,1394,46,Yes,1076,65,1076,274,06,111
0089.00,750,736,55,Yes,539,34,539,177,06,111
0091.00,1191,934,53,Yes,428,65,425,698,06,111
9800.00,0,0,0,No,0,0,0,0,06,111
9901.00,0,0,0,Yes,0,0,0,0,06,111
0279.00,661,643,35,Yes,499,49,499,113,36,085
0291.02,1046,1046,29,Yes,787,66,787,193,36,085
0291.03,2778,2700,42,Yes,2014,182,2006,582,36,085
0291.04,2427,2391,37,Yes,1946,94,1910,387,36,085
0303.01,1884,1636,36,Yes,1166,58,1141,660,36,085
0303.02,2038,1973,33,Yes,1369,99,1332,570,36,085
0319.01,1201,440,59,Yes,183,184,183,834,36,085
0319.02,1896,1290,45,Yes,657,237,657,1002,36,085
0323.00,518,472,26,Yes,335,23,289,160,36,085
9901.00,0,0,0,Yes,0,0,0,0,36,085
0146.06,2180,2116,40,No,1895,169,1865,116,36,119
0146.07,1505,1505,44,No,1358,107,1358,40,36,119
0147.01,1828,1589,52,No,1442,146,1425,240,36,119
0147.03,2150,2098,56,No,1834,34,1782,282,36,119
0147.04,952,947,57,No,567,98,567,287,36,119
0148.04,3074,2662,51,No,2312,185,2189,577,36,119
0148.05,1524,1488,46,No,1270,85,1243,169,36,119
0148.06,2341,2080,51,No,1933,54,1928,354,36,119
0148.08,1226,1100,45,No,1026,35,1026,165,36,119
0148.09,2346,2009,45,No,1814,70,1757,462,36,119
0148.10,1312,912,40,No,995,170,710,147,36,119
0148.11,1886,1886,48,No,1792,57,1792,37,36,119
0149.01,2055,2046,47,No,1869,54,1869,132,36,119
0149.03,2278,2236,28,No,1936,69,1923,273,36,119
0149.07,1441,1354,61,No,1162,122,1153,157,36,119
0149.08,964,959,42,No,879,27,874,58,36,119
0149.09,1351,1351,38,No,991,195,991,165,36,119
0150.00,2253,2253,54,No,1557,373,1557,323,36,119
9810.00,290,58,42,No,4,13,4,273,36,119
9820.00,0,0,0,No,0,0,0,0,36,119
9830.00,0,0,0,No,0,0,0,0,36,119
9840.00,95,12,12,No,4,20,4,71,36,119
9850.00,0,0,0,No,0,0,0,0,36,119
8067.11,2126,798,43,No,768,177,540,1181,24,033
8067.12,1397,235,38,No,705,48,159,644,24,033
8067.13,1368,116,45,No,7,186,7,1175,24,033
8067.14,1326,58,46,No,0,173,0,1153,24,033
8068.00,1350,1350,57,No,986,140,986,224,24,033
8069.00,1440,1403,60,No,1114,114,1091,212,24,033
8070.00,2703,1426,42,No,820,217,778,1666,24,033
8071.02,933,826,73,No,578,97,578,258,24,033
8072.00,983,450,49,No,165,172,165,646,24,033
8073.01,1437,559,45,No,456,107,449,874,24,033
8073.04,629,629,57,No,539,26,539,64,24,033
8073.05,1106,744,49,No,655,36,655,415,24,033
8074.04,1746,1401,43,No,1107,76,1107,563,24,033
8074.05,2278,1579,47,No,1335,221,1254,722,24,033
8074.07,2207,1502,41,No,1237,90,1237,880,24,033
8074.08,2394,2168,49,No,1974,55,1924,365,24,033
8074.09,1258,508,47,No,436,61,436,761,24,033
8074.10,1581,300,43,No,677,111,276,793,24,033
0101.00,2346,2224,42,No,1116,643,1116,587,53,025
0102.00,1174,1174,35,No,860,180,860,134,53,025
0103.00,2127,1992,39,No,1243,295,1243,589,53,025
0104.00,3136,2810,56,No,1750,185,1750,1201,53,025
0105.00,1812,1670,28,No,633,825,625,354,53,025
0106.00,2104,1956,38,No,1173,66,1173,865,53,025
0107.00,1492,1444,30,No,688,545,688,259,53,025
0108.00,1493,1265,55,No,383,66,383,1044,53,025
0109.01,498,485,18,No,341,45,341,112,53,025
0109.02,4154,3504,37,No,2280,352,2280,1522,53,025
0110.00,4353,3985,28,No,2773,304,2773,1276,53,025
0111.00,3143,2707,42,No,1221,395,1221,1527,53,025
0112.00,2023,1975,24,No,1564,137,1538,322,53,025
0113.00,1313,1214,37,No,804,137,804,372,53,025
0114.01,761,761,30,No,397,139,397,225,53,025
0114.02,3462,3295,22,No,1143,719,1143,1600,53,025
0993.10,2176,1535,39,No,779,245,759,1152,06,059
0993.11,2132,1195,43,No,650,424,465,1058,06,059
0994.02,2104,1763,47,No,380,51,363,1673,06,059
0994.04,1773,1629,47,No,1107,149,1107,517,06,059
0994.05,1689,1224,47,No,914,89,914,686,06,059
0994.06,1717,1114,47,No,919,41,899,757,06,059
0994.07,972,772,0,No,617,25,617,330,06,059
0994.08,1683,1538,41,No,1128,60,1128,495,06,059
0994.10,1689,1020,46,No,463,28,458,1198,06,059
0994.11,2069,1303,42,No,428,132,400,1509,06,059
0994.12,1887,1213,43,No,1032,46,940,809,06,059
0994.13,3487,2111,31,No,1699,59,1555,1729,06,059
0994.15,1950,1900,42,No,1673,10,1673,267,06,059
0994.16,2255,1317,40,No,551,139,315,1565,06,059
0994.17,2030,1464,39,No,978,114,776,938,06,059
0995.02,183,167,35,No,0,0,0,183,06,059
0995.04,1005,996,57,No,949,19,949,37,06,059
0995.06,723,702,55,No,263,233,263,227,06,059
0995.08,2061,1449,44,No,921,129,895,1011,06,059
0995.09,2867,926,50,No,2281,495,627,91,06,059
0995.10,3545,1243,50,No,2980,337,1082,228,06,059
0995.11,1851,1307,50,No,540,203,509,1108,06,059
0995.12,1676,871,46,No,462,258,454,956,06,059
0995.13,1301,961,40,No,846,153,694,302,06,059
0995.14,2387,2216,41,No,1919,127,1797,341,06,059
0996.01,2026,1712,47,No,779,33,768,1214,06,059
0996.02,1077,902,50,No,660,27,660,390,06,059
0996.03,2359,2238,46,No,1757,101,1757,501,06,059
0996.04,1207,1207,50,No,909,24,909,274,06,059
0996.05,1306,1219,47,No,1036,8,1026,262,06,059
0997.01,1782,1741,54,No,753,20,753,1009,06,059
0997.02,2512,1794,46,No,1376,55,1376,1081,06,059
0997.03,1824,1475,44,No,1216,58,1216,550,06,059
0998.01,1639,1393,49,No,810,81,810,748,06,059
0998.02,1884,1152,35,No,393,113,393,1378,06,059
0998.03,1831,1196,40,No,580,85,580,1166,06,059
0999.02,1353,1224,55,No,826,102,826,425,06,059
0999.03,1573,1091,53,No,769,0,769,804,06,059
0999.04,1979,1411,51,No,567,15,548,1397,06,059
0999.05,1411,1222,39,No,452,129,443,830,06,059
0999.06,1729,1729,49,No,1409,114,1409,206,06,059
1100.01,1548,1539,50,No,1022,46,1022,480,06,059
1100.03,1154,928,52,No,815,18,815,321,06,059
1100.04,1702,1658,49,No,1567,32,1542,103,06,059
1100.05,1149,1149,49,No,981,45,981,123,06,059
1100.06,1115,1001,54,No,906,0,906,209,06,059
1100.07,1713,1713,56,No,1526,81,1526,106,06,059
1100.08,1749,1373,52,No,1382,108,1159,259,06,059
1100.10,1435,1435,47,No,1241,0,1241,194,06,059
1100.11,1113,1069,40,No,879,24,871,210,06,059
1100.12,1895,1751,47,No,1541,15,1541,339,06,059
1100.14,1886,1091,43,No,201,109,173,1576,06,059
1100.15,1214,1205,52,No,1013,47,1013,154,06,059
1101.02,1841,1742,45,No,1368,25,1362,448,06,059
1101.04,1866,1284,42,No,982,41,975,843,06,059
1101.06,1239,1211,48,No,942,15,935,282,06,059
1101.08,1039,934,45,No,637,0,608,402,06,059
1101.09,1828,1201,43,No,957,68,919,803,06,059
1101.10,1810,1469,50,No,920,31,904,859,06,059
1101.11,1951,1845,47,No,1395,18,1327,538,06,059
1101.13,730,682,45,No,587,22,587,121,06,059
1101.14,1531,1522,50,No,1240,37,1231,254,06,059
1101.15,1209,1035,46,No,884,12,884,313,06,059
1101.16,1468,1056,41,No,941,21,941,506,06,059
1101.17,2120,1461,43,No,1111,0,1095,1009,06,059
1101.18,764,758,0,No,734,3,734,27,06,059
1102.01,2659,1696,48,Yes,1256,126,1229,1277,06,059
1102.02,2346,1169,41,Yes,846,78,818,1422,06,059
1102.03,1722,1454,54,Yes,1055,103,1007,564,06,059
1103.01,2161,1664,55,No,1272,0,1272,889,06,059
1103.02,1631,1557,58,No,1142,68,1142,421,06,059
1103.03,1509,1361,58,No,1055,32,1055,422,06,059
1103.04,1349,1312,58,No,1036,16,1036,297,06,059
1104.01,1376,1237,59,Yes,1061,35,1061,280,06,059
1104.02,1384,1156,45,Yes,723,52,723,609,06,059
1105.00,2525,1154,48,No,715,123,715,1687,06,059
1106.03,2552,946,44,No,433,94,400,2025,06,059
1106.04,2597,2351,42,No,2002,96,1939,499,06,059
1106.05,2223,1982,38,No,1276,146,1225,801,06,059
1106.06,1263,643,46,No,235,102,222,926,06,059
1106.07,1392,926,39,No,652,58,652,682,06,059
9800.00,0,0,0,Yes,0,0,0,0,06,059
9901.00,0,0,0,Yes,0,0,0,0,06,059
0141.01,2035,173,48,No,883,202,80,950,34,017
0141.02,2390,1003,59,No,1077,193,540,1120,34,017
0142.00,2159,1436,74,No,773,97,642,1289,34,017
0143.00,2012,1802,66,No,943,73,890,996,34,017
0144.00,2594,2367,57,No,1367,205,1294,1022,34,017
0145.01,2157,1714,44,No,840,77,729,1240,34,017
0145.02,1739,369,43,No,121,0,70,1618,34,017
0146.00,1290,1237,47,No,419,253,419,618,34,017
0147.00,1718,1331,49,No,788,87,649,843,34,017
0148.00,2329,1181,56,No,663,225,504,1441,34,017
0149.00,993,827,68,No,454,58,406,481,34,017
0150.01,1303,257,40,No,760,210,97,333,34,017
0150.02,2353,1303,48,No,327,139,296,1887,34,017
0151.00,1145,798,41,No,285,66,249,794,34,017
0152.01,1597,266,45,No,885,124,206,588,34,017
0152.02,2569,1130,63,No,588,230,311,1751,34,017
0153.00,1803,641,69,No,230,194,188,1379,34,017
0155.00,1823,1219,54,No,267,124,221,1432,34,017
0156.00,1538,380,64,No,128,97,128,1313,34,017
0157.00,1270,663,76,No,225,96,187,949,34,017
0158.01,1660,80,11,No,236,113,15,1311,34,017
0158.02,2677,782,48,No,372,69,372,2236,34,017
0159.00,1946,591,66,No,175,146,146,1625,34,017
0160.00,1231,531,68,No,224,51,148,956,34,017
0161.00,1297,551,63,No,187,210,177,900,34,017
0162.00,1696,1003,69,No,228,194,219,1274,34,017
0163.00,1789,818,47,No,309,116,161,1364,34,017
0164.00,1438,786,61,No,190,115,169,1133,34,017
0165.00,1760,660,48,No,314,185,100,1261,34,017
0166.00,1458,740,62,No,184,62,97,1212,34,017
0167.00,622,329,64,No,173,68,148,381,34,017
0168.00,1197,506,61,No,77,102,77,1018,34,017
0169.00,1367,888,60,No,140,177,140,1050,34,017
0170.00,1822,759,55,No,143,139,83,1540,34,017
0171.00,1948,1292,65,No,437,154,401,1357,34,017
0172.00,1199,667,76,No,208,166,164,825,34,017
0173.00,1157,495,58,No,371,123,90,663,34,017
0174.00,1017,495,54,No,182,81,182,754,34,017
0175.00,1488,705,59,No,204,210,175,1074,34,017
0176.00,1083,655,71,No,123,86,114,874,34,017
0177.00,895,298,53,No,145,151,80,599,34,017
0178.00,2580,1046,49,No,619,445,425,1516,34,017
0179.00,1031,365,17,No,374,96,200,561,34,017
0180.00,1935,847,76,No,526,188,299,1221,34,017
0181.00,1306,778,76,No,327,95,292,884,34,017
0182.00,2159,1318,74,No,608,334,408,1217,34,017
0183.01,1278,27,11,No,427,205,10,646,34,017
0183.02,2010,19,14,No,659,204,0,1147,34,017
0184.00,2436,576,50,No,963,100,420,1373,34,017
0185.00,3067,623,27,No,819,214,187,2034,34,017
0186.00,1204,717,76,No,366,73,265,765,34,017
0187.01,793,504,76,No,224,81,144,488,34,017
0187.02,2230,742,76,No,634,75,307,1521,34,017
0188.00,1856,1165,76,No,623,158,377,1075,34,017
0189.00,1874,394,52,No,638,117,182,1119,34,017
0190.00,2328,248,59,No,439,256,136,1633,34,017
0191.00,2014,425,48,No,407,132,187,1475,34,017
0192.00,2070,324,14,No,988,121,91,961,34,017
0193.00,1667,442,62,No,387,47,174,1233,34,017
0194.00,1637,362,53,No,141,102,67,1394,34,017
0198.00,2410,1933,44,No,1653,165,1425,592,34,017
0199.00,2352,1544,37,No,1387,208,1002,757,34,017
0200.00,1883,1802,54,No,957,171,947,755,34,017
0201.00,714,80,10,No,0,64,0,650,34,017
0324.00,2498,1463,53,No,408,207,375,1883,34,017
9801.00,0,0,0,Yes,0,0,0,0,34,017
3836.00,2518,1738,56,Yes,1242,120,1229,1156,25,017
3837.00,2081,1934,56,Yes,1626,18,1617,437,25,017
3838.00,2186,1986,56,Yes,1914,18,1831,254,25,017
3839.01,3182,2771,51,Yes,2725,76,2632,381,25,017
3839.02,1928,1891,48,Yes,1767,48,1767,113,25,017
3840.01,583,420,49,Yes,482,23,361,78,25,017
3840.02,2959,816,41,Yes,987,12,734,1960,25,017
3851.00,2557,2323,35,No,1898,132,1898,527,25,017
3852.01,1063,806,52,No,681,16,681,366,25,017
3852.02,3124,3005,31,No,2683,0,2658,441,25,017
3861.00,1554,1488,45,No,1343,93,1314,118,25,017
3871.00,1533,1410,47,No,1303,0,1303,230,25,017
3872.01,2162,1816,53,No,1655,38,1622,469,25,017
3872.02,1389,1313,43,No,1283,9,1207,97,25,017
3881.00,2126,1310,37,No,1585,25,1211,516,25,017
3882.00,2462,2261,35,No,1597,131,1546,734,25,017
3883.00,1978,421,63,No,170,110,73,1698,25,017
9800.00,0,0,0,No,0,0,0,0,25,017
0100.12,1564,1564,31,No,948,203,948,413,06,071
0100.13,2502,2484,32,No,1538,190,1538,774,06,071
0100.14,1440,1248,40,No,504,115,504,821,06,071
0100.15,1728,1520,29,No,1122,51,1122,555,06,071
0100.16,1687,1444,32,No,758,136,758,793,06,071
0100.17,4540,4540,13,No,3093,475,3093,972,06,071
0100.18,2201,2192,26,No,1357,179,1357,665,06,071
0100.19,1616,1558,36,No,820,164,820,632,06,071
0100.20,2910,2015,29,No,790,380,790,1740,06,071
0100.21,2202,2110,31,No,1628,183,1628,391,06,071
0100.22,1462,1462,30,No,992,55,992,415,06,071
0100.23,1894,1894,24,No,1293,156,1293,445,06,071
0100.24,1751,1751,29,No,1409,45,1409,297,06,071
0100.25,2563,2126,29,Yes,995,380,995,1188,06,071
0100.26,3576,2809,19,Yes,1460,229,1444,1887,06,071
0103.00,1988,1941,32,No,767,820,767,401,06,071
0104.02,1904,1691,19,No,18,201,18,1685,06,071
0104.09,2460,2460,56,No,685,1198,685,577,06,071
0104.10,1645,1645,38,No,908,396,908,341,06,071
0104.11,3493,3227,38,No,1459,712,1442,1322,06,071
0104.12,3357,3304,30,No,1951,350,1951,1056,06,071
0104.13,3004,2910,41,No,1569,397,1569,1038,06,071
0104.15,2510,2467,39,No,907,402,907,1201,06,071
0104.16,2519,2512,51,No,1004,966,1004,549,06,071
0104.17,1842,1823,41,No,1009,417,1009,416,06,071
0104.19,2563,2498,37,No,942,738,942,883,06,071
0104.20,2220,2011,39,No,874,512,874,834,06,071
0104.21,3035,2464,39,No,473,518,431,2044,06,071
0104.22,770,765,39,No,287,219,287,264,06,071
0104.23,2844,2844,50,No,1233,1346,1233,265,06,071
0104.24,1812,1812,43,No,617,1034,617,161,06,071
0107.00,2081,1844,45,No,835,391,835,855,06,071
0108.02,3082,3050,58,Yes,1234,1127,1234,721,06,071
0108.03,2576,2559,48,No,902,1471,902,203,06,071
0108.04,1975,1896,50,No,770,834,770,371,06,071
0109.01,4562,4401,37,No,1536,2683,1536,343,06,071
0109.02,3979,3931,42,No,998,2760,998,221,06,071
0110.01,2564,2539,53,No,456,1787,449,321,06,071
0110.02,1239,1239,43,Yes,413,723,413,103,06,071
0111.01,2695,2626,42,Yes,965,1310,934,420,06,071
0111.02,2554,2520,48,No,639,1646,639,269,06,071
0112.03,2354,2198,33,No,358,1799,358,197,06,071
0112.04,3067,3047,38,No,442,2440,442,185,06,071
0112.05,1556,1388,44,No,221,913,221,422,06,071
0112.06,2716,2558,43,No,234,2245,225,237,06,071
0113.00,2267,2267,44,No,507,1645,507,115,06,071
0114.01,4659,4638,41,No,845,2781,845,1033,06,071
0114.03,4320,4312,39,No,904,2842,904,574,06,071
0114.04,2612,2578,33,No,1218,987,1210,407,06,071
0115.00,1640,1635,54,No,471,922,471,247,06,071
0116.00,3581,3496,26,No,1908,854,1908,819,06,071
0117.00,708,697,33,Yes,317,242,317,149,06,071
0118.00,2760,2632,47,No,1242,546,1242,972,06,071
0119.00,1400,1384,47,No,757,255,757,388,06,071
0120.01,2144,1938,37,No,1140,257,1140,747,06,071
0120.02,2178,1916,43,No,1074,294,1074,810,06,071
0121.01,2187,1939,28,Yes,1288,228,1288,671,06,071
0121.03,1923,1923,47,No,1084,509,1084,330,06,071
0121.04,2243,2243,33,No,1291,608,1291,344,06,071
0122.00,722,722,7,Yes,476,32,476,214,06,071
0123.00,0,0,0,Yes,0,0,0,0,06,071
0124.00,933,905,56,Yes,503,44,503,386,06,071
0125.00,1328,1313,62,No,498,81,498,749,06,071
0127.00,1437,1287,0,Yes,1026,88,971,323,06,071
0250.00,2718,2625,14,No,33,381,33,2304,06,071
0251.00,2179,2131,31,No,356,1546,356,277,06,071
9401.00,1634,1634,35,No,605,937,605,92,06,071
9801.00,0,0,0,Yes,0,0,0,0,06,071
9802.00,0,0,0,Yes,0,0,0,0,06,071
7056.02,2821,352,43,Yes,1082,178,184,1561,24,031
7057.01,1883,1217,57,Yes,1285,146,1163,452,24,031
7057.02,1829,1342,53,Yes,1549,60,1243,220,24,031
7058.00,2362,2120,53,No,1960,76,1928,326,24,031
7059.01,1662,1429,50,Yes,1332,244,1244,86,24,031
7059.02,1512,1450,54,Yes,1341,23,1334,148,24,031
7059.03,1550,1534,54,Yes,1431,10,1425,109,24,031
7060.05,1683,1598,36,No,1380,31,1380,272,24,031
7060.07,2417,2417,35,No,2237,44,2237,136,24,031
7060.08,1791,1791,34,No,1635,62,1635,94,24,031
7060.09,1928,1928,34,No,1767,41,1767,120,24,031
7060.10,1107,1100,39,No,883,42,876,182,24,031
7060.11,1878,1851,45,No,1673,78,1673,127,24,031
7060.12,1848,509,39,No,956,143,365,749,24,031
7060.13,1011,1011,48,No,860,71,860,80,24,031
0042.00,384,376,44,No,159,51,159,174,06,029
0043.01,2018,1708,18,No,1141,55,1141,822,06,029
0043.02,0,0,0,No,0,0,0,0,06,029
0044.01,2120,2029,47,No,1144,68,1144,908,06,029
0044.02,1463,1229,39,No,295,215,295,953,06,029
0045.00,1017,968,36,No,288,190,288,539,06,029
0046.01,0,0,0,No,0,0,0,0,06,029
0046.03,0,0,0,No,0,0,0,0,06,029
0046.04,2856,2811,14,No,1886,174,1886,796,06,029
0047.01,2035,1864,18,No,1101,32,1101,902,06,029
0047.02,949,944,39,No,452,25,452,472,06,029
0048.00,2786,2355,46,No,922,26,922,1838,06,029
0049.01,1571,1125,31,No,616,216,616,739,06,029
0049.02,2149,2120,26,No,1505,134,1505,510,06,029
0050.03,1017,776,28,No,370,61,370,586,06,029
0050.04,2151,2068,44,No,1183,127,1183,841,06,029
0051.03,1171,1013,41,Yes,812,129,812,230,06,029
0051.04,1600,1575,12,Yes,1371,92,1358,137,06,029
0052.01,4371,4322,43,No,2084,1707,2084,580,06,029
0052.03,2700,2642,37,No,1467,706,1467,527,06,029
0052.04,3934,3881,44,No,1879,1223,1874,832,06,029
0053.00,852,805,58,No,45,262,45,545,06,029
0054.01,2943,2911,34,No,1675,291,1675,977,06,029
0054.02,2206,2131,38,No,1463,223,1463,520,06,029
0054.03,3912,3554,37,No,2016,576,2016,1320,06,029
0054.04,3087,2883,34,No,1543,357,1543,1187,06,029
0055.01,2992,2883,33,No,2056,412,2056,524,06,029
0055.06,2260,2232,25,No,1492,440,1479,328,06,029
0055.07,3640,3258,20,No,1607,758,1607,1275,06,029
0055.08,2028,1998,27,No,1037,451,1037,540,06,029
0056.00,1233,1110,55,No,477,387,477,369,06,029
0057.00,816,805,14,No,5,119,5,692,06,029
0058.01,2228,2175,20,No,1377,279,1377,572,06,029
0058.02,3206,2876,25,No,1027,561,1027,1618,06,029
0059.00,1628,1538,42,No,456,255,456,917,06,029
0060.02,0,0,0,No,0,0,0,0,06,029
0060.03,2265,2130,29,No,1128,235,1119,902,06,029
0060.04,952,952,30,No,553,282,553,117,06,029
0060.06,1532,1532,27,No,1034,240,1034,258,06,029
0060.07,2546,2529,22,No,1615,403,1615,528,06,029
0060.08,3144,3131,27,No,2148,753,2148,243,06,029
0061.00,3412,3076,35,No,1775,411,1775,1226,06,029
0062.01,875,854,43,Yes,350,134,350,391,06,029
0062.02,1586,1586,13,Yes,765,120,765,701,06,029
0063.01,1033,1021,33,No,519,8,519,506,06,029
0063.03,1738,1414,36,No,511,176,511,1051,06,029
0063.04,1054,941,46,No,388,89,382,577,06,029
0064.01,2118,2062,50,No,840,126,840,1152,06,029
0064.03,1532,1215,36,No,574,72,574,886,06,029
0064.04,932,851,48,No,328,103,328,501,06,029
0065.00,1464,1455,46,No,635,495,635,334,06,029
4166.00,2945,1323,57,No,1495,329,942,1121,36,059
4167.01,1744,1723,68,No,943,127,943,674,36,059
4167.02,2885,535,52,No,971,554,194,1360,36,059
4168.01,835,805,60,No,717,44,717,74,36,059
4168.02,2565,1184,51,No,1289,533,653,743,36,059
4169.00,1982,1741,60,No,1403,406,1298,173,36,059
5170.00,1230,1223,52,No,966,48,966,216,36,059
5171.01,1861,1822,68,No,642,143,642,1076,36,059
5171.02,757,757,57,No,703,21,703,33,36,059
5172.00,3225,1846,49,No,968,154,861,2103,36,059
5173.01,1228,969,53,No,670,125,591,433,36,059
5173.02,1742,1720,60,No,931,39,925,772,36,059
5174.00,1977,1897,76,No,1391,42,1391,544,36,059
5175.00,1405,1368,60,No,1156,0,1156,249,36,059
5176.00,1744,1744,61,No,1459,90,1459,195,36,059
5177.01,2635,2629,47,No,2288,209,2282,138,36,059
5177.05,921,915,47,No,787,93,787,41,36,059
5178.01,1433,1430,60,No,991,227,991,215,36,059
5178.02,1300,1289,68,No,826,84,826,390,36,059
5179.01,1721,1669,54,No,1436,43,1436,242,36,059
5179.02,1339,1329,55,No,899,251,899,189,36,059
5180.00,2946,2394,58,No,1685,280,1527,981,36,059
5181.00,963,957,59,No,887,32,887,44,36,059
5182.01,1505,1501,44,No,1302,128,1302,75,36,059
5182.03,1424,1112,28,No,997,102,917,325,36,059
5182.04,1751,1630,40,No,1581,110,1469,60,36,059
5183.00,1943,1794,58,No,1514,36,1514,393,36,059
5184.00,1444,1444,55,No,1325,29,1325,90,36,059
5185.01,2400,2100,46,No,1846,115,1823,439,36,059
5185.02,1124,833,57,No,716,21,710,387,36,059
5186.00,1359,1353,58,No,1302,0,1296,57,36,059
5187.00,1918,1918,60,No,1776,68,1776,74,36,059
5188.00,1055,1044,59,No,1026,0,1015,29,36,059
5189.00,2305,2270,59,No,1770,147,1770,388,36,059
5190.00,2082,2071,61,No,1864,0,1853,218,36,059
5191.00,2061,1987,61,No,1616,111,1616,334,36,059
5192.00,2017,1986,61,No,1710,125,1701,182,36,059
5193.00,2093,2038,63,No,1458,110,1458,525,36,059
5194.00,1482,1482,0,No,1240,130,1240,112,36,059
5195.00,1986,1986,60,No,1766,74,1766,146,36,059
5196.01,1493,1493,59,No,1377,48,1377,68,36,059
5196.02,723,717,0,No,668,26,668,29,36,059
5197.02,2042,1769,50,No,1794,43,1685,205,36,059
5197.03,1214,1214,58,No,1157,27,1157,30,36,059
5197.04,1170,1057,59,No,972,67,972,131,36,059
5198.01,857,812,59,No,715,45,715,97,36,059
5198.02,1682,1657,58,No,1569,42,1544,71,36,059
5199.00,1819,1819,59,No,1662,71,1662,86,36,059
5200.01,2753,2438,56,No,2325,216,2010,212,36,059
5200.02,1511,1394,58,No,1199,58,1171,254,36,059
5201.00,1893,1739,55,No,1640,89,1640,164,36,059
5202.00,1038,1038,59,No,959,30,959,49,36,059
5203.00,1919,1880,60,No,1674,0,1667,245,36,059
5204.01,1780,1326,55,No,1155,192,965,433,36,059
5204.02,1908,1324,58,No,1207,137,962,564,36,059
5205.01,1238,1238,59,No,1094,19,1094,125,36,059
5205.02,1788,1783,59,No,1588,135,1583,65,36,059
5206.00,1968,1968,0,No,1691,49,1691,228,36,059
5207.00,1677,1658,0,No,1471,28,1471,178,36,059
5208.00,1335,1335,60,No,1227,35,1227,73,36,059
5209.00,1527,1527,60,No,1438,32,1438,57,36,059
5210.00,1833,1833,59,No,1614,71,1614,148,36,059
5211.00,1594,1584,60,No,1372,59,1362,163,36,059
5212.00,972,967,61,No,871,47,866,54,36,059
5213.01,782,782,61,No,658,65,658,59,36,059
5213.02,1907,1901,58,No,1611,129,1605,167,36,059
5214.00,2190,2132,58,No,2025,95,2008,70,36,059
5215.00,1574,1574,60,No,1442,30,1442,102,36,059
5216.01,1396,1375,0,No,1315,50,1315,31,36,059
5216.02,1109,1101,60,No,1076,25,1076,8,36,059
5217.00,1647,1606,58,No,1565,62,1524,20,36,059
5218.01,1265,1245,59,No,1148,41,1128,76,36,059
5218.02,1288,1288,60,No,1227,31,1227,30,36,059
5219.02,1530,1530,58,No,1332,168,1332,30,36,059
5220.00,3014,2516,52,No,1786,341,1672,887,36,059
5227.00,1652,1618,60,No,1511,60,1495,81,36,059
9801.00,0,0,0,No,0,0,0,0,36,059
9811.00,0,0,0,No,0,0,0,0,36,059
9821.00,0,0,0,No,0,0,0,0,36,059
9901.00,0,0,0,No,0,0,0,0,36,059
9902.00,0,0,0,No,0,0,0,0,36,059
9903.01,0,0,0,No,0,0,0,0,36,059
9903.02,0,0,0,No,0,0,0,0,36,059
9904.00,0,0,0,No,0,0,0,0,36,059
6006.01,997,997,52,No,714,97,714,186,42,007
6006.02,1123,1091,44,No,963,94,963,66,42,007
6007.00,3432,3035,45,No,2525,267,2525,640,42,007
6010.00,1659,1381,59,No,1142,93,1121,424,42,007
6011.00,1187,1036,73,No,581,156,581,450,42,007
6012.00,1668,1269,76,No,499,492,490,677,42,007
6013.00,1328,1296,76,No,499,360,477,469,42,007
6014.00,1657,1454,76,No,897,133,897,627,42,007
6016.00,654,603,63,No,376,42,376,236,42,007
6017.00,1349,1349,57,No,1118,29,1118,202,42,007
6018.00,3507,3393,39,No,2454,244,2454,809,42,007
6021.00,1845,1405,72,No,714,206,714,925,42,007
6023.00,1368,1032,76,No,652,165,631,551,42,007
6024.00,981,871,74,No,676,48,659,257,42,007
6025.00,808,713,69,No,234,72,218,502,42,007
6026.01,1927,1927,50,No,1628,99,1628,200,42,007
6026.02,1374,1214,50,No,1062,70,1062,242,42,007
6027.01,820,815,60,No,686,68,686,66,42,007
6027.02,1601,1594,50,No,1272,165,1265,164,42,007
6028.00,1199,991,72,No,454,186,414,559,42,007
6029.00,1124,1124,37,No,896,120,896,108,42,007
6030.00,1296,1296,39,No,1006,104,1006,186,42,007
6032.02,2748,2733,46,No,2271,203,2271,274,42,007
6033.00,1745,1601,59,No,1234,47,1234,464,42,007
6034.00,1050,936,76,No,527,175,527,348,42,007
6035.00,709,677,76,No,427,96,427,186,42,007
6036.00,1049,950,53,No,771,80,771,198,42,007
6037.00,2037,1678,61,No,1279,180,1207,578,42,007
6038.01,1167,1167,41,No,1118,19,1118,30,42,007
6038.02,1191,1191,37,No,1191,0,1191,0,42,007
6038.03,1414,1414,58,No,1232,70,1232,112,42,007
6039.00,1559,1559,64,No,1194,164,1194,201,42,007
6040.00,1332,1156,76,No,527,181,527,624,42,007
6041.00,1575,1286,76,No,497,353,497,725,42,007
6042.00,955,887,76,No,432,145,432,378,42,007
6045.00,1563,1299,71,No,470,518,470,575,42,007
6046.00,1668,1318,63,No,959,210,851,499,42,007
6047.00,826,768,68,No,426,135,422,265,42,007
6048.00,1991,1840,59,No,1480,160,1480,351,42,007
6049.01,1653,1653,58,No,1165,183,1165,305,42,007
6049.02,2050,1894,53,No,1630,139,1593,281,42,007
6050.01,1063,1063,38,No,920,39,920,104,42,007
6050.02,1522,1473,36,No,1215,102,1208,205,42,007
6051.00,2102,1951,43,No,1489,195,1489,418,42,007
6052.00,1204,970,58,No,676,96,676,432,42,007
6053.00,1500,1473,60,No,1092,155,1085,253,42,007
6054.00,1868,1423,70,No,693,297,669,878,42,007
6055.00,2355,2084,45,No,1560,260,1545,535,42,007
6056.00,1549,1476,61,No,1038,171,1038,340,42,007
6057.00,1400,1321,76,No,600,438,589,362,42,007
6058.00,2543,2543,57,No,1973,92,1973,478,42,007
0464.02,1678,1652,43,No,743,207,743,728,06,065
0464.03,2116,2116,23,No,1438,91,1438,587,06,065
0464.04,1930,1799,15,No,1216,117,1195,597,06,065
0464.05,1155,1155,30,No,834,135,834,186,06,065
0465.00,1605,474,38,Yes,57,311,31,1237,06,065
0466.01,204,131,19,No,122,0,119,82,06,065
0466.02,1116,1116,40,No,918,50,918,148,06,065
0467.00,1626,1096,32,Yes,243,284,228,1099,06,065
0468.00,1511,1511,31,No,1094,74,1094,343,06,065
0469.00,1313,1306,30,No,474,696,474,143,06,065
0470.00,1065,1030,34,No,367,466,367,232,06,065
0472.01,1988,1965,36,No,883,866,883,239,06,065
0472.02,1471,1440,33,No,580,674,580,217,06,065
0479.00,3649,3625,16,Yes,3165,23,3141,461,06,065
0481.00,2017,2017,12,Yes,1701,40,1701,276,06,065
0482.00,1329,1329,24,Yes,1086,73,1086,170,06,065
0483.00,1827,1806,16,No,1252,55,1243,520,06,065
0487.00,1205,1102,12,No,812,70,812,323,06,065
0488.00,1124,1091,28,No,691,0,691,433,06,065
0489.01,1000,993,30,No,704,24,697,272,06,065
0489.02,1918,1540,29,No,894,45,894,979,06,065
0490.00,2318,2198,0,No,1717,203,1609,398,06,065
0491.00,3583,3142,25,No,1187,1389,1187,1007,06,065
0494.00,1684,1684,0,No,1039,288,1039,357,06,065
0495.00,2372,1711,28,No,1122,201,1122,1049,06,065
0496.00,2673,1853,12,Yes,1049,206,1049,1418,06,065
0497.00,2832,2832,13,No,1946,230,1946,656,06,065
0498.00,1484,987,0,No,631,108,497,745,06,065
0503.00,3190,3190,12,No,2094,506,2094,590,06,065
0504.00,3192,2902,25,No,2075,118,2075,999,06,065
0505.00,4155,3570,12,Yes,2662,69,2327,1424,06,065
0506.00,2341,1934,16,No,1513,81,1513,747,06,065
0507.00,3431,2759,10,No,2285,123,2129,1023,06,065
0509.00,1884,981,17,Yes,687,226,687,971,06,065
0511.00,1869,1521,13,No,922,160,895,787,06,065
0512.00,1644,878,20,Yes,584,169,584,891,06,065
0513.00,3115,3115,28,No,2015,370,2015,730,06,065
0514.00,5330,5330,16,No,3650,1231,3650,449,06,065
9401.00,1406,1406,36,No,94,1307,94,5,06,065
9404.00,1606,1606,20,No,1213,94,1213,299,06,065
9405.00,2259,2014,43,No,906,1051,873,302,06,065
9406.00,2745,2709,18,No,1375,1161,1362,209,06,065
9407.00,2575,2127,35,No,881,1156,790,538,06,065
9408.00,2803,2483,44,No,1165,1193,1059,445,06,065
9409.00,1537,1527,30,No,841,517,833,179,06,065
9410.00,4357,3985,40,No,1666,2071,1604,620,06,065
9411.00,2253,2005,0,No,980,1155,938,118,06,065
9412.00,2488,2407,0,No,909,1352,890,227,06,065
9413.00,2513,2152,37,No,1141,813,1080,559,06,065
9414.00,2987,1545,34,No,637,1118,480,1232,06,065
9415.00,1576,1576,27,No,1133,123,1133,320,06,065
9800.04,0,0,0,Yes,0,0,0,0,06,065
9810.00,0,0,0,No,0,0,0,0,06,065
0001.01,2527,2224,34,Yes,1729,114,1671,684,06,083
0001.02,2339,1665,38,Yes,930,175,930,1234,06,083
0001.03,1258,1250,43,Yes,1029,66,1021,163,06,083
0002.00,2116,1185,58,Yes,851,177,793,1088,06,083
0003.01,1412,731,64,Yes,273,122,227,1017,06,083
0003.02,1956,1221,52,Yes,448,118,432,1390,06,083
0004.00,2594,1819,69,Yes,883,210,781,1501,06,083
0005.01,1460,1342,57,Yes,1046,168,1046,246,06,083
0005.02,2533,2106,59,Yes,1802,100,1717,631,06,083
0006.00,2374,2054,60,Yes,1094,223,1081,1057,06,083
0007.00,2388,2220,50,Yes,1497,287,1497,604,06,083
0008.01,1224,1144,66,Yes,455,80,455,689,06,083
0008.04,2196,1667,47,Yes,547,294,483,1355,06,083
0009.00,1754,936,60,Yes,175,85,175,1494,06,083
0010.00,2953,1685,46,Yes,285,261,243,2407,06,083
0011.01,1617,1308,64,Yes,681,98,681,838,06,083
0011.02,1439,971,47,Yes,237,97,229,1105,06,083
0012.03,1357,1019,43,Yes,705,198,603,454,06,083
0012.06,1692,949,48,Yes,177,122,159,1393,06,083
0012.08,1824,1344,56,Yes,867,209,798,748,06,083
0013.04,3026,2672,50,Yes,1920,134,1900,972,06,083
0013.06,1538,1285,46,Yes,844,36,813,658,06,083
0014.02,1953,1496,53,Yes,819,575,688,559,06,083
0015.00,1608,1608,49,No,1024,357,1024,227,06,083
0016.01,1910,1819,41,No,1453,119,1435,338,06,083
0016.04,2657,1836,43,No,672,423,655,1562,06,083
0017.04,1118,829,40,No,628,16,525,474,06,083
0017.06,2382,2204,40,No,1174,328,1159,880,06,083
0018.00,616,616,55,No,262,186,262,168,06,083
0019.01,3017,2858,30,No,1898,349,1864,770,06,083
0019.03,2828,2137,36,No,1518,154,1518,1156,06,083
0019.05,1384,1347,36,No,806,329,806,249,06,083
0019.06,2572,2490,39,No,1587,295,1587,690,06,083
0020.05,2044,2009,43,No,1532,157,1521,355,06,083
0020.06,917,917,33,Yes,616,113,616,188,06,083
0020.07,3953,3300,23,Yes,2614,236,2509,1103,06,083
0020.08,2407,2216,38,No,1605,142,1605,660,06,083
0020.09,1378,1298,40,No,961,69,961,348,06,083
0020.10,1566,1566,33,No,1181,26,1181,359,06,083
0020.11,1726,1592,38,Yes,1146,61,1135,519,06,083
0020.12,1312,1297,39,Yes,860,82,860,370,06,083
0020.13,1084,1075,33,Yes,930,50,930,104,06,083
0021.01,1295,983,61,Yes,391,115,317,789,06,083
0021.02,787,658,58,Yes,494,4,482,289,06,083
0021.03,1625,809,33,Yes,396,211,378,1018,06,083
0022.05,1510,940,46,Yes,645,94,585,771,06,083
0022.06,1611,1253,51,Yes,353,129,348,1129,06,083
0022.09,933,788,46,Yes,537,33,508,363,06,083
0022.10,1597,1597,32,Yes,1070,74,1070,453,06,083
0022.11,2154,1858,31,Yes,1423,166,1359,565,06,083
0023.03,1430,1338,48,Yes,844,78,844,508,06,083
0023.04,1409,1152,56,Yes,482,38,455,889,06,083
0023.05,1569,1548,48,Yes,771,24,771,774,06,083
0023.06,2610,2610,20,Yes,1917,151,1917,542,06,083
0024.02,3245,2564,21,Yes,1399,28,1390,1818,06,083
0024.03,1604,852,48,Yes,159,78,159,1367,06,083
0024.04,1793,717,43,Yes,234,55,234,1504,06,083
0025.02,2014,1941,34,Yes,953,87,953,974,06,083
0026.04,54,54,52,No,0,22,0,32,06,083
0026.06,931,909,17,No,5,53,5,873,06,083
0027.02,2457,1680,50,No,309,104,299,2044,06,083
0027.03,1449,1259,49,No,574,71,568,804,06,083
0027.05,1577,1162,39,No,595,94,595,888,06,083
0027.06,1995,1496,49,No,693,67,686,1235,06,083
0027.07,1016,801,47,No,419,70,411,527,06,083
0027.08,1133,1005,56,No,569,27,569,537,06,083
0028.02,2546,2220,30,No,1327,72,1327,1147,06,083
0028.06,806,762,32,No,657,20,657,129,06,083
0028.08,2796,2637,44,No,1837,132,1837,827,06,083
0028.09,1692,1692,43,No,1259,129,1259,304,06,083
0029.06,1461,1433,50,No,1186,59,1186,216,06,083
0029.07,1609,1506,45,No,1106,30,1106,473,06,083
0029.09,1818,1789,50,No,1276,53,1276,489,06,083
0029.13,1536,1223,44,No,900,32,900,604,06,083
0029.14,1407,1105,48,No,882,127,797,398,06,083
0029.15,313,118,42,No,9,78,9,226,06,083
0029.22,864,382,16,No,143,111,143,610,06,083
0029.24,1688,385,39,No,0,160,0,1528,06,083
0029.26,1895,343,35,No,13,89,13,1793,06,083
0029.28,1383,681,38,No,77,105,77,1201,06,083
0029.30,3047,1900,41,No,1241,150,1152,1656,06,083
0029.32,868,775,39,No,438,124,433,306,06,083
0030.01,2379,1109,40,Yes,572,189,474,1618,06,083
0030.04,1650,1612,48,No,1411,15,1400,224,06,083
0030.05,1625,1457,49,No,876,63,864,686,06,083
0030.07,1680,1623,48,Yes,1074,214,1074,392,06,083
0031.02,1249,1249,48,No,806,144,806,299,06,083
9800.00,4,4,0,Yes,0,0,0,4,06,083
9801.00,12,12,0,No,0,12,0,0,06,083
9900.00,0,0,0,Yes,0,0,0,0,06,083
9702.00,1503,1487,43,No,820,498,820,185,50,003
9703.00,781,781,50,No,361,335,361,85,50,003
9704.00,2568,2168,38,No,1337,605,1319,626,50,003
9705.00,2688,2523,37,No,436,2170,429,82,50,003
9706.00,2008,1965,43,No,1211,598,1211,199,50,003
9707.00,1358,1310,48,No,792,259,792,307,50,003
9708.00,1684,1680,47,No,1294,143,1294,247,50,003
9709.00,944,801,35,No,635,35,635,274,50,003
9710.00,1474,1363,43,No,878,190,866,406,50,003
9711.00,2043,2002,49,No,1502,125,1477,416,50,003
9712.00,2295,2039,72,No,887,145,872,1263,50,003
9713.00,1573,1561,40,No,1090,180,1090,303,50,003
5115.00,3191,2232,49,Yes,1459,203,1314,1529,06,085
5116.08,85,25,25,Yes,0,5,0,80,06,085
5116.09,1807,119,16,Yes,197,125,0,1485,06,085
5117.01,1620,1620,50,Yes,1315,93,1315,212,06,085
5117.02,1035,1035,54,No,883,77,883,75,06,085
5117.04,1816,1816,42,No,1608,83,1608,125,06,085
5117.05,356,341,51,Yes,306,4,306,46,06,085
5117.07,1259,988,30,Yes,1009,110,793,140,06,085
5118.00,1767,1747,57,No,1306,74,1294,387,06,085
5119.05,1065,1065,42,Yes,832,35,832,198,06,085
5119.07,1349,1349,47,Yes,1074,0,1074,275,06,085
5119.09,2713,2704,30,Yes,2465,40,2456,208,06,085
5119.10,1055,1055,47,Yes,965,0,965,90,06,085
5119.11,1916,1492,34,Yes,1415,57,1255,444,06,085
5119.12,1745,1745,36,Yes,1511,22,1511,212,06,085
5119.13,1434,1434,43,Yes,1311,64,1311,59,06,085
5119.14,1953,1953,40,Yes,1705,24,1705,224,06,085
5119.15,1285,1004,42,Yes,408,23,383,854,06,085
5119.16,1688,1431,44,Yes,1181,0,1181,507,06,085
5120.01,2123,2087,22,Yes,1535,149,1510,439,06,085
5120.05,2225,2205,43,Yes,1590,31,1570,604,06,085
5120.17,2245,2117,40,Yes,1277,71,1277,897,06,085
5120.19,1553,1138,0,Yes,974,0,974,579,06,085
5120.20,2717,922,29,Yes,520,172,520,2025,06,085
5120.21,2065,1909,37,Yes,1676,21,1626,368,06,085
5120.22,1911,1250,36,Yes,1073,51,1073,787,06,085
5120.23,2044,1661,39,Yes,891,51,728,1102,06,085
5120.24,1735,1142,38,Yes,981,125,924,629,06,085
5120.25,1086,922,39,Yes,824,33,824,229,06,085
5120.26,1388,1285,39,Yes,966,77,953,345,06,085
5120.27,1623,808,35,Yes,554,74,513,995,06,085
5120.29,2308,2125,49,Yes,1844,16,1724,448,06,085
5120.30,987,987,47,Yes,856,0,856,131,06,085
5120.31,1413,1413,44,Yes,1147,19,1147,247,06,085
5120.32,1055,1055,41,Yes,848,54,848,153,06,085
5120.33,2077,1789,40,Yes,1389,73,1382,615,06,085
5120.34,1055,1028,0,Yes,866,10,848,179,06,085
5120.35,1407,1333,40,Yes,1129,8,1129,270,06,085
5120.36,1941,900,18,Yes,555,104,555,1282,06,085
5120.37,984,970,45,Yes,850,0,836,134,06,085
5120.38,1095,725,22,Yes,655,87,592,353,06,085
5120.39,1390,1382,34,Yes,1027,96,1027,267,06,085
5120.42,882,643,43,Yes,523,7,523,352,06,085
5120.43,1592,1321,43,Yes,621,32,612,939,06,085
5120.45,1868,1868,48,Yes,1615,41,1615,212,06,085
5120.47,1729,1729,46,Yes,1279,56,1279,394,06,085
5120.52,1825,938,24,Yes,751,90,685,984,06,085
5120.53,1593,1510,42,Yes,949,63,949,581,06,085
5121.00,509,505,43,Yes,320,42,320,147,06,085
5122.00,1686,1686,30,Yes,1410,36,1410,240,06,085
5123.05,1434,1424,31,Yes,1172,0,1172,262,06,085
5123.07,2435,2196,34,No,1931,70,1931,434,06,085
5123.08,2483,2441,30,Yes,2025,32,2025,426,06,085
5123.09,1760,1668,34,No,1378,49,1348,333,06,085
5123.10,1400,1177,20,No,533,28,533,839,06,085
5123.11,1169,1103,16,Yes,945,94,933,130,06,085
5123.12,1053,1029,26,No,779,38,755,236,06,085
5123.13,1263,993,34,No,523,32,523,708,06,085
5123.14,2097,1710,38,No,1224,8,1150,865,06,085
5124.01,1513,1498,45,No,1082,85,1082,346,06,085
5124.02,1628,1603,43,No,1132,127,1132,369,06,085
5125.03,2599,2599,23,No,2214,34,2214,351,06,085
5125.05,2174,1788,23,No,1195,26,1152,953,06,085
5125.06,1847,1402,34,No,818,26,787,1003,06,085
5125.08,2627,2322,43,No,1334,39,1334,1254,06,085
5125.09,1217,1150,33,No,943,0,943,274,06,085
5125.10,2342,1732,28,No,1294,158,1281,890,06,085
5126.02,938,926,43,No,484,107,484,347,06,085
5126.03,1071,801,41,No,186,18,186,867,06,085
5126.04,1172,1010,41,No,392,29,392,751,06,085
5130.00,2384,365,24,Yes,31,126,31,2227,06,085
5135.00,449,449,42,Yes,224,128,224,97,06,085
8832.09,1119,945,27,No,761,85,761,273,17,197
8832.10,1370,897,28,No,924,83,821,363,17,197
8832.11,2146,1962,26,No,1687,228,1653,231,17,197
8832.12,1803,1778,12,No,1662,35,1637,106,17,197
8832.13,2126,2099,21,No,1800,104,1783,222,17,197
8832.14,1032,1022,15,No,922,17,912,93,17,197
8832.15,3188,3075,11,No,2788,109,2788,291,17,197
8832.16,1032,1010,40,No,875,121,875,36,17,197
8833.03,1177,1177,21,No,1102,0,1102,75,17,197
8833.04,722,716,38,No,651,61,645,10,17,197
8833.05,1020,1020,32,No,921,56,921,43,17,197
8833.06,1165,1165,18,No,987,54,987,124,17,197
8833.07,1676,1665,31,No,1339,136,1339,201,17,197
8834.01,1716,1553,50,No,961,176,961,579,17,197
8834.02,1027,1001,49,No,583,161,583,283,17,197
8835.04,2206,2154,19,No,1973,149,1939,84,17,197
8835.05,2613,2575,21,No,2309,93,2271,211,17,197
8835.07,1298,1298,18,No,1217,42,1217,39,17,197
8835.09,1666,1547,30,No,1373,37,1350,256,17,197
8835.10,1612,1612,16,No,1464,56,1464,92,17,197
8835.11,1702,1583,33,No,1388,132,1380,182,17,197
8835.13,1702,1673,22,No,1654,0,1625,48,17,197
8835.14,2237,2046,13,No,2216,0,2025,21,17,197
8835.15,1391,1380,35,No,1259,52,1259,80,17,197
8835.16,2165,2132,13,No,2033,90,2033,42,17,197
8835.17,1272,1092,38,No,1009,53,955,210,17,197
8835.19,2047,1689,24,No,1743,137,1562,167,17,197
8835.21,1331,1261,26,No,1088,71,1088,172,17,197
8835.22,1217,1205,20,No,1149,55,1137,13,17,197
8836.02,2381,2381,19,No,1969,211,1969,201,17,197
8836.03,1314,963,54,No,766,109,738,439,17,197
8836.05,1355,960,41,No,448,197,448,710,17,197
8836.06,1395,1395,38,No,1019,126,1019,250,17,197
8837.00,1348,1207,57,No,706,173,698,469,17,197
8838.03,1541,420,39,No,292,147,292,1102,17,197
8838.04,1093,1023,49,No,724,150,721,219,17,197
8838.06,1439,1426,34,No,1203,149,1190,87,17,197
8838.08,959,822,40,No,738,60,738,161,17,197
8838.09,1535,1488,30,No,1221,191,1212,123,17,197
8838.10,1498,1357,34,No,1141,151,1120,206,17,197
8838.11,1314,1236,56,No,1038,66,1029,210,17,197
8839.02,2479,2405,30,No,1916,177,1916,386,17,197
8839.03,709,639,23,No,508,50,508,151,17,197
8839.04,1653,1589,42,No,1330,54,1330,269,17,197
8840.03,1826,1788,34,No,1214,161,1214,451,17,197
8840.04,1623,1609,21,No,928,555,928,140,17,197
8840.05,597,597,36,No,441,65,441,91,17,197
8840.06,935,935,49,No,755,125,755,55,17,197
8841.01,1518,1354,0,No,1143,227,1133,148,17,197
8841.03,963,944,13,No,832,18,832,113,17,197
9800.00,0,0,0,No,0,0,0,0,17,197
9801.00,58,58,35,No,22,18,22,18,17,197
